category,path,size_bytes,sha256,required,present
project_entry,CITATION.cff,1607,ef6ccfb7552bd48790b94dc1e95dee006f98e14257240cd6b8b5bece041c5527,True,True
project_entry,DATA_LICENSE.md,750,9397a16ca5527309d89d745da2ae69bd583857ccd155f805018d15c5f59295f0,True,True
project_entry,LICENSE,1117,74f4909e0fd9af544f86785a5449a8ceaad75eabf9211ae849ffc9e98e836f28,True,True
project_entry,Makefile,70535,5d209861377f3dc16845b55ca91e768b0dcb66eeba2fb7b622d3384f2cc56bb2,True,True
programs,code/analyze_hccb_p418_dimensionless_heat_transfer.py,23782,4aa2cb25b90da3b34631146131cd7e9c5a764d6c9d89dc628065872e96cf809f,False,True
programs,code/analyze_hccb_p418_fixed_flow_loss_scale.py,5041,6ed2d3cc0a82c9b969211e1e7f42852ea1d5812cb70b78fd77b8035b0c8925a8,False,True
programs,code/analyze_hccb_p418_high_re_step_responses.py,7339,7f61520668cf3673318d7e14627d2c1888413c5089dee618440af8d3dc28e709,False,True
programs,code/analyze_hccb_p418_observation_duration.py,13750,2f49fbae2aae35f57a68377d85e455267921cf7b91ca73b53d9c45e25f956533,False,True
programs,code/analyze_hccb_p418_pressure_correlation.py,12770,3d30d6b37a1ec018454fd71601ec5180ce1433a600cdd645da60772def0df8db,False,True
programs,code/analyze_hccb_p418_step_split_coverage.py,17692,32e1522db8813ddcfe6073663d727ac54362d7aee0d8d3b7bb7c3c4c3c0f8227,False,True
programs,code/analyze_hccb_p418_transient_time_resolution.py,7149,9491db85f559775b313aa16f3e1855429496980581ea5ca531f036b57aa56636,False,True
programs,code/analyze_hccb_p418_velocity_step_time_scales.py,19804,49df3a602bf76c224a0285515d36019d1ba1a9f8b4d64a1f4f0eadc93ec8b094,False,True
programs,code/apply_hccb_p418_repository_doi.py,4114,e22e8b31cf7bf44cc78428c98b87b414f10a4c48cd9b82a262c5faa3dca8b10b,False,True
programs,code/apply_hccb_p418_steady_end_time.py,5082,c7bd28dab82922f8538a036545128f814124d6a14b06a76a81c8495c9f9b681a,False,True
programs,code/assemble_hccb_p418_corrected_steady_results.py,4645,f4b10120c7f01511ebaa3ffd713ca4254dbdaefbf20949256ccff89c1768f59d,False,True
programs,code/assess_hccb_p418_training_convergence.py,9736,b2b4c9c44042c7a3d1e7ecc117be8cf908b144af887b230369d690105225cbb3,False,True
programs,code/build_hccb_dense_cht_p418_matrix.py,15309,6e4e8034f604d4f36021ed503a8353cb8f53694a490ecc3a1c76bfa49dd39112,False,True
programs,code/build_hccb_dense_snappy_case.py,27104,827055c085d3c9da0b43901984c75fdec71c87b016f86169dd177f4a0d05948c,False,True
programs,code/build_hccb_gmsh_cht_smoke_case.py,28012,c82b29b41b6240bf124631338c2c2d4824cd27927b2f618e6a0f550864d24ded,False,True
programs,code/build_hccb_gmsh_flow_smoke_case.py,10678,961dcd6460fe612a58e122430d0b41ed829ed09139ea2b8f46bd338ee62fac51,False,True
programs,code/build_hccb_li4sio4_transient_solid_thermo.py,6684,cc0e981bc937a9738f19d7da6c331a5593e34595abb240cdf0a79b02ef14eb3f,False,True
programs,code/build_hccb_openfoam_helium_property_table.py,12111,c0a2f7cec5c36c10cd191441300731fd972446c31966d3a77a659f7592535bfc,False,True
programs,code/build_hccb_p418_chain_split_manifest.py,5770,dcb13f8d91782e9ad71bbaf7979b83966d4b26c1ce0bee7ba45071e652964fe0,False,True
programs,code/build_hccb_p418_chinese_reader.py,18598,04bc4ee3fd37fb2bdcf6b575a7b7e899c0af298e3fdef1049d569bbe567b5c6a,False,True
programs,code/build_hccb_p418_cloud_case_manifest.py,3387,6a5d4eb86256e4bfaaf3bfff260e1530f1e0749b416747f69832620eed39da49,False,True
programs,code/build_hccb_p418_cloud_submission_manifest.py,8570,22484cc2c405934266d044281c18b0540a0899437a11535a1b5e636967563b32,False,True
programs,code/build_hccb_p418_completed_boundary_heat_summary.py,5535,6b63381c655b267c36ccd1304d0c389c31b0cf95c2b142067aa65bf42eabeec2,False,True
programs,code/build_hccb_p418_completed_smoke_splits.py,2749,3f395bf3c53b2a693c6f742a4757fa0788bf3f01955aeebd76b51e42b8642dea,False,True
programs,code/build_hccb_p418_cover_letter_pdf.py,4018,8de455c1239e219dea3ed305d1419f9083698f2a0988e493d1ea4449c958bf54,False,True
programs,code/build_hccb_p418_cpu_code_package.sh,12267,e208e3628c43d5491e49bf92df0cafe7abc8598987bca330c87542e7d5d05c31,False,True
programs,code/build_hccb_p418_cross_packing_mesh_cloud_package.sh,5178,4dda48b3bfdab7c84cf15ab42dc2c09b145fde9637039f0d825fe2c37fca6476,False,True
programs,code/build_hccb_p418_cross_packing_model_sources.py,7689,5a02967b49c72139a3094e1bb24d5c572478542fe96afc0bf1fe6e4c94369a52,False,True
programs,code/build_hccb_p418_cross_packing_plan.py,12682,cad861a4d97a3a1fea6cff3257498e98b546092256dc10b78b540f6403839855,False,True
programs,code/build_hccb_p418_cross_packing_result_text.py,6958,1aed8e695d4c2f9fcaf4bc718cff208b32075abfe1940ab4cc2b360f3673e03a,False,True
programs,code/build_hccb_p418_data_split_table.py,12224,834638e40f3eabd1a898f11c693b68fd30cf24e2e95b208f315cf16d97bfc62c,False,True
programs,code/build_hccb_p418_direct_transport_representative_plan.py,13253,7745e87308b4e1389d1d0220d0e1a34977c0a57c49d73c85388a158ca8b3e06b,False,True
programs,code/build_hccb_p418_epoch_followup_plan.py,2973,021efb6724930c6db6ab162fc261a0789ef0cf10406f964cec3b3a464813f359,False,True
programs,code/build_hccb_p418_factorial_table.py,5812,447a598c301c08a9a141019d60da1b053ad405046775a51af6fecb8f658bae52,False,True
programs,code/build_hccb_p418_final_narrative.py,42644,9bcc4180e525946167aa19e512e1595ffc30e7170a9abcd1f8a77423b103ee05,False,True
programs,code/build_hccb_p418_final_uncertainty_summary.py,28798,f4a3b47602df35ac565f814bc873fe718ed0f06560ca69ab245be5aba196507d,False,True
programs,code/build_hccb_p418_fixed_step_runtime_patch.py,3568,f1d4ea6e025bb6bfbc0094474059f973b293c4b676a95c3d536e3fef17723fd8,False,True
programs,code/build_hccb_p418_fixed_vs_fully_coupled_manuscript.py,8876,214ba03869ec6fe57c6878acf32a127acbd2dd9bf99231b568f9321115a1f359,False,True
programs,code/build_hccb_p418_formal_fixed_step_cloud_package.py,10948,d04845d138566bef77fdab820f5c270be82b2dbaa5127df328fbd2fa760c90fa,False,True
programs,code/build_hccb_p418_formal_training_job_manifest.py,33356,06d86d1c9e7094f99715fc6422432fb47d77708b98a37c2c67052a3e44e028a0,False,True
programs,code/build_hccb_p418_full_domain_reference_table.py,4949,09bd3c64578edccb8e2f61404bd560792df0b67e4f670283debb24e2f5322ca2,False,True
programs,code/build_hccb_p418_fully_coupled_step_cases.py,12038,9df772ae2f02bfe436e6be36c2e3169c8f701a69cc6356a8c3c21190771d7d04,False,True
programs,code/build_hccb_p418_fused_chain_table.py,16208,70fd24aa941dd1578f9ee8866b7eeb29bc66a9bf1bec84ab37d82e4580e231cb,False,True
programs,code/build_hccb_p418_high_re_reference_table.py,3897,30522574bda2bb4fd6b5b71f8dc810738f69d5107ffffd6bc09d195f3d8da0e7,False,True
programs,code/build_hccb_p418_inlet_dimensionless_envelope.py,8059,0069ef5b8a29397e91bd5b62d2c3a2b9e7df6c708f0c1266d671bb9a1a413e59,False,True
programs,code/build_hccb_p418_learning_curve_splits.py,6484,409730a0a54b9c83fe5000c262d67ee8d47b55c7a5c6b858fc712498f4e24412,False,True
programs,code/build_hccb_p418_local_transport_model_support.py,13168,e2abd12f81fe117493c00e801c4673ca4b1e04a7e131fdecb28cd5cf7cce2291,False,True
programs,code/build_hccb_p418_manuscript_model_table.py,8269,d70c5cd73f9ed666d1a7ba2aed37ca67cda5a289a887b45a125766a82e561efd,False,True
programs,code/build_hccb_p418_manuscript_values.py,5957,9fdb16e7393db663eb5b362a9da686606158a0a4bdc92d0427b60f7554cdbb33,False,True
programs,code/build_hccb_p418_matched_initial_direct_transport_package.py,4814,fa379c8ffe400f4f41d2c48132f3ea79f7c759c085745be7ce9a39fa12a7746d,False,True
programs,code/build_hccb_p418_mesh_sensitivity_table.py,5427,cefbd9c33ac10d59d088418f441e6cff1c2f3a83471c7032320395770e72aebe,False,True
programs,code/build_hccb_p418_model_geometry.py,6548,137c2bd73287c886c2330d8d1f2281b2a046b3c20cec7171d5b5271aae935a9c,False,True
programs,code/build_hccb_p418_model_splits.py,6014,51ffce3854fcdadc1796c410fea8a0134f72dbb8f29e1de5a41d1b0ab9bc8a98,False,True
programs,code/build_hccb_p418_native_cell_model_table.py,3943,e00206d932f6ccac12ecd0445f95807552868e8249f3b03ec257e547ebe21593,False,True
programs,code/build_hccb_p418_openfoam13_batch_inputs.py,9424,f26b1efee2f05a053e5031d587817a91d9554bd8c956cc69d094b269c9635b13,False,True
programs,code/build_hccb_p418_openfoam13_batch_package.sh,3172,b92017fb4adfbd1e5d02fc763bec59734c1731a303f9bd2e2369797e776a45d5,False,True
programs,code/build_hccb_p418_openfoam13_cloud_package.sh,4384,ee267c3b4495ae18c300a86b9374e4d69e4db148e7545b10c8c9a37a899cf2b0,False,True
programs,code/build_hccb_p418_parameter_evidence_summary.py,7637,ea9de971551973913e6857b02859f34e4b980ef9f69e374927ada4619a52852a,False,True
programs,code/build_hccb_p418_parameter_use_summary.py,8714,71e8f6e682427302f6a830a8e1957b26b800b3410a3264bca1baf2ec7b783d91,False,True
programs,code/build_hccb_p418_partial_cross_packing_text.py,5315,eb9f812d5fe3ca1114a6e11190f95efcfa577e2a921e3cbfa7321e0f64cb5ef2,False,True
programs,code/build_hccb_p418_physical_parameter_sources.py,6364,7c30b1ee520b8e620d6761dc4b3f8a13f46363a3cc98b6bce94a9edb6cc65230,False,True
programs,code/build_hccb_p418_pilot_smoke_split.py,1953,85783d58294128b7a0fa0f9ebb09a5c77d1e51f043d81584ffe1cefc2d5f2ba9,False,True
programs,code/build_hccb_p418_provisional_strict_model_table.py,14618,43c9762a4b7b9e21080089446e138d9ec52c37aec726c2aa60d558ef568a1288,False,True
programs,code/build_hccb_p418_public_data_release.py,18221,111dbcb5686689592de0a9319af7289a0d21d815bf5a058ccb5aec384941a36a,False,True
programs,code/build_hccb_p418_public_figure_data.py,8098,eb3e7f94d74936ab19fa7e27b98b91314e0466ff20f8e22a6777ef461e16c774,False,True
programs,code/build_hccb_p418_public_scope_record.py,3664,e464ba2d2169d08dc694ce73756f1d4d6fa225d1834f1cf866d2e1111ba32f83,False,True
programs,code/build_hccb_p418_public_training_manifest.py,4761,a94350cb093d2d94fbf231a4e8e61d2f272be988ef8b46d93db3e7c2cb47dbba,False,True
programs,code/build_hccb_p418_regional_energy_flux_targets.py,28090,747e9b2770d371c0e153d0cf01316485c39770d03c3b0c766feef5a8545d0fb6,False,True
programs,code/build_hccb_p418_regional_fidelity_text.py,6270,a9dde1cc5a6a0a0f9466832e1516839d6258632c9cdc6aff7c6ca257137a7482,False,True
programs,code/build_hccb_p418_regional_mass_flux_targets.py,11313,5b03341631b61a6d7c1d4f5a50f79bf642ef16c6c9ece85afb1393c6107dea9d,False,True
programs,code/build_hccb_p418_regional_model_table.py,10287,3039c54cfa3af8961527b6160de587bb40472d44701089fe4493af77e7182b56,False,True
programs,code/build_hccb_p418_regional_residual_geometry.py,13749,cd52c623e362905e06517f7ac4023b5ce4a03900cb74383eecd7e830c767cc4e,False,True
programs,code/build_hccb_p418_regional_state_targets.py,5253,b64281a4ef96cbfcf81d6729f766d323daa5f206ad46824d83f34dce613d219d,False,True
programs,code/build_hccb_p418_regional_topology.py,13687,f37a9007c099ca15eb74c6e3f4d7b85b74efc83d6331a5eb6921ce7d6fcbc9d9,False,True
programs,code/build_hccb_p418_reproducibility_manifest.py,17832,f87755f6e6780683af62ec0e959e1b1baece7a26df5f09f22d28d5fe37efd819,False,True
programs,code/build_hccb_p418_same_source_correlation_text.py,8358,f6b04b06548bee8f4f84525481006b3059ee56ebe01795266493c18940e4d624,False,True
programs,code/build_hccb_p418_scope_limit_text.py,9828,1c897ff5dbb65627a234d20df3570b759f1c64acf6e70b6974b0a9593f2b0fc3,False,True
programs,code/build_hccb_p418_seed202_complete_status.py,5903,0ff36705c083481afce38bd125de85eff884f3495510e09e6af505bdd8978890,False,True
programs,code/build_hccb_p418_seed303_contact_gap_repair_package.sh,4428,9cfe3971a0d233c3fa70f1e847c182b3fbdb5cbcbf425fc7195f6cd1338a06f6,False,True
programs,code/build_hccb_p418_selected_field_figure.sh,1611,dd086bade1c8ebeb755e64412df639253ee1ddb60fc346eeb992e31b43a1afcb,False,True
programs,code/build_hccb_p418_selected_timestep_plan.py,4313,2fabb4a7ec1577339a94f47d1b0355c2650767d4557aa8c28d7f12878c5fae9f,False,True
programs,code/build_hccb_p418_shared_mesh_dataset.py,17062,3995b726d054082ced660db3632b291944c2f4928db7ea814c9695b52a5773d3,False,True
programs,code/build_hccb_p418_source_summary.py,22996,4faae650c928ce526f32fc516939e559bbf32925472936263f51a42ec9f66ff2,False,True
programs,code/build_hccb_p418_steady_performance_table.py,5570,01f5b0078cf52bcd06559186995ee3c66ad6bf0ad22feafc7b3d0f35074a1198,False,True
programs,code/build_hccb_p418_steady_physics_text.py,6517,df95162cf41f716a7b269d8012f08a21cdfba92e2108b66dfb97394d69018759,False,True
programs,code/build_hccb_p418_steady_result_text.py,9117,938834adc59b3434ae81f27395ee48c97f615551c1d68a20fd1986223ef6d2a4,False,True
programs,code/build_hccb_p418_step_response_cases.py,21199,ca773e17b9ed38cc665be0b2c98d6ed1dd6f35c7abf2835e7cda6adfb31c7789,False,True
programs,code/build_hccb_p418_subface_residual_geometry.py,16395,587ce9fcc3ef7939a6e2f98d364b002eeb7e379dc26a0b9582cb82a0caecabd4,False,True
programs,code/build_hccb_p418_supplement_inputs.py,13482,3e762aa89285bc38bd84b1c933a6202e30b1576220c4f303dde9652fa8b1d94f,False,True
programs,code/build_hccb_p418_timestep_table.py,4045,b95ffffbbe1f26cbc1de14ee237b50e3a742791765791618daf57a2512a0f582,False,True
programs,code/build_hccb_p418_training_statistics.py,9625,2dee955c1827e9fd0fa95026fb8e0f28d7a81d571e89fb6ebcbea7d3c3ed4e42,False,True
programs,code/build_hccb_p418_transient_cost_table.py,5734,aa18ef019400fc38b9e48bd1d57977cadda6cb5251475ad4aea81aec821c937b,False,True
programs,code/build_hccb_p418_transient_performance_table.py,7474,16924fc05df5e479205de4db8de7f8a1c8188070e3194f41ba895a4172405909,False,True
programs,code/build_hccb_p418_transient_result_text.py,16956,3f722f70145e46980b24521b51585775ce96c2ab02041b5fda15da477337f1d6,False,True
programs,code/build_hccb_p418_unbounded_output_diagnostic.py,5689,8b569a96d1508042cd78c51b2f5beb225088a17123c5bcb0b13a41ced9759499,False,True
programs,code/build_hccb_pore_resolved_openfoam_mesh.py,23419,8653cd0e2092d53e37bf068c2c60b882d8615e14a4b0cf1b4110263bde3afc3f,False,True
programs,code/build_hccb_pore_resolved_openfoam_steady_case.py,20364,b631652a0651770447b1b67c76f5af0afb420ad8c0b7d6492aa4f8efb7ea6c04,False,True
programs,code/capture_hccb_p418_runtime_environment.py,2738,51bc33e944c7731cde84ddeb669e336aa7cbe4e94eb21227b4814c869a9ff1ab,False,True
programs,code/check_hccb_p418_bounded_training_summaries.py,2812,ab4cacb31d49b83787d6eb9aa71612384036ebff4ca7eab2f2f4ce0f5a393d1f,False,True
programs,code/check_hccb_p418_conservative_transient_terms_actual_geometry.py,11844,d54ac7184b4ad92d010c91f475e4ad2a1a0ed3db2e44264277192ff521efea49,False,True
programs,code/check_hccb_p418_final_figure_outputs.py,16558,ede0f5654b875b330830ce69dd0c3bfae86e68db4a8f3c2adadeb672ecb0c124,False,True
programs,code/check_hccb_p418_final_scientific_requirements.py,39540,9f60574f6da84c8bd1410f89ac1223654ebd4dc33cc86d78d4f073aef5a8e257,True,True
programs,code/check_hccb_p418_formal_training_manifest_readiness.py,5907,6636d85e5253fe6b691093af9aac6fd09e46a997d5803d40668aeefe889e9aa2,False,True
programs,code/check_hccb_p418_gpu_training_ready.py,2625,91cc6d4c3fdaed1bdecd95c5662438679d5b2fb2c23c5a253def11153500aaa4,False,True
programs,code/check_hccb_p418_ijhmt_submission.py,45110,5b19923ee947214da8e41c6697e181b06b71228a8ce7faad6c3c3f7797a90938,True,True
programs,code/check_hccb_p418_local_transport_model_sensitivity.py,20944,0b0b5eacff9aedaa34d047f2a913c68bfe53530ea02e7276bf7650fff0bb88dd,False,True
programs,code/check_hccb_p418_parallel_time_fields.py,3701,32435d2de6066e143e05375bc5b718a104a15ef35142ec445d1793f2d8ea6455,False,True
programs,code/check_hccb_p418_pressure_density_consistency.py,4776,20f4614cf773a211084b0b8672d5b81bdf7b700df6900c25d89572ca74402304,False,True
programs,code/check_hccb_p418_real_physics_device_equivalence.py,8570,f62fd8ab8beac26df6f06c25551b0618f3f7e1413e7ebc460b9831cabdf226a9,False,True
programs,code/check_hccb_p418_reference_metadata.py,10250,ef400b6b1218435d825ab56ff26649b74a2df272b88eaca3d1189bb3f74e85de,False,True
programs,code/check_hccb_p418_research_route_completeness.py,15220,7ab751e09df74d5a0717fd401786ffbc27d92667cbc109bd0c3f5f19d2207b02,False,True
programs,code/check_hccb_p418_steady_result_current.py,3885,4ac5bb4b5e41a2fd0d5a2ee3adb16041528e897d7dad276e7949021dbd2e3d60,False,True
programs,code/check_hccb_source_sequence_lammps_packing.py,14476,0fc347adf550f5cee885dd0375523867fc50ffa0767ca3dccc648a5d0a2060f1,False,True
programs,code/collect_hccb_p418_formal_fixed_step_results.py,5778,8400cbf05e532c74606bfb57ce604715966d60d826ce394701204411b6e8de01,False,True
programs,code/compare_hccb_p418_cloud_reference.py,5163,7fdc4ba6f3c7189801dfb33439449d506cae44193675e0b3b7feeeffefb8f2e8,False,True
programs,code/compare_hccb_p418_epoch_followup.py,7098,adf674330c8d3196db949551edd9bbd7ebbed6ddcf040bad2c44a06aa6e20b2c,False,True
programs,code/compare_hccb_p418_fixed_and_fully_coupled_steps.py,9160,4e50e95cffb83f6058825533e8dca3ddf56ed66005779543b44e565efe1f77a7,False,True
programs,code/compare_hccb_p418_full_domain_reference.py,9195,97ac4dc98a130a3483d8a18874e74173449423af1ef04642e4c3314eaee0d29c,False,True
programs,code/compare_hccb_p418_matched_initial_short_responses.py,5388,7207a60206666d97ea141104f74dca4ce89ba71496acf4e61c964dbbc10d62c2,False,True
programs,code/compare_hccb_p418_model_to_experiment.py,32634,b5a922e7608648365c12ab9154eefdb0363c3c09fe5430d5ce8f548a2a52acea,False,True
programs,code/compare_hccb_p418_native_reconstruction.py,16872,e6acef2d2b55692b582cf10268f6a776bf1814a742a847a17b3669f39d123ca2,False,True
programs,code/compare_hccb_p418_parallel_partitions.py,9251,df8cad6930ada490eb472548573845bb67305cfb6a612162968047e7715ee1fe,False,True
programs,code/compare_hccb_p418_preflight_formal_case.py,5013,4f2ee933dca9222ab6a29305d7a809e5f981ee3a1f44533237d279719b0fe830,False,True
programs,code/compare_hccb_p418_published_scale.py,8938,8bb52b8dc3524256ac9761ff1610ee3520c7ac011b9645b1fd0cf9b9641cc857,False,True
programs,code/compare_hccb_p418_sample_to_solver_summary.py,3996,50b9727a597893ecc04aaf34e233756f502445100faaccf825d688a84a04bb83,False,True
programs,code/compare_hccb_p418_seed202_integral_responses.py,8546,d5ee8824f5b761a323b549bcf48c72a76da5d133b2a6f1b31044fdf879f3cde5,False,True
programs,code/compare_hccb_p418_thermal_timestep_sensitivity.py,12006,6f2cea3e099a5c3cbc42d6045ae59f53ec47a0c7c91135bb01f7fbc429776a7d,False,True
programs,code/compare_hccb_p418_training_extension.py,4471,358da187176313997be73195460e40e3d62f8f8fe505659dad35f45e0550c5e5,False,True
programs,code/compute_hccb_gmsh_boundary_heat_flows.py,4777,935a3493f8a5f630f0dc33905289341b8857b70f2e37607e094dec1c3992a25e,False,True
programs,code/configure_hccb_p418_transient_snapshots.py,5006,112bca00b9502d2d3851297c8f3b366a09ed483563a7ea0203bf266263a68397,False,True
programs,code/diagnose_hccb_p418_nonpositive_predictions.py,8398,d8ba94ea4bc6c1ce0b34447f947dd374be5d916a7e0305ad854b3684667de5ce,False,True
programs,code/estimate_hccb_p418_training_wall_time.py,5471,b31239047e78226276caf8176aafdd4d9a0868cedcd485c911b98be57e229b56,False,True
programs,code/estimate_hccb_p418_transient_training_wall_time.py,10170,cae8deaeaf8178e61c65377a7c9d9b809fd2bc7d9b80d8c00e85c395c07c6e0c,False,True
programs,code/evaluate_hccb_p418_chained_diffusion.py,18452,0ec73c113c9ae5884ba565670c4239de127d57f4ac893c475aac09226868964e,False,True
programs,code/evaluate_hccb_p418_chained_initial_state.py,28932,1cf4ac817d5903e95f128608a7e98a0d40106b3f1bd6a2bad978b55df2695e74,False,True
programs,code/evaluate_hccb_p418_cross_packing_conservative_operator.py,23618,baf009488cab9d59678b53c18cd405a9401e724b46158b80ff94f00a1fdd6a8b,False,True
programs,code/evaluate_hccb_p418_cross_packing_operator.py,9745,17fc169d514979812783d0e2112fda33af82332da0522c4451785057515b5555,False,True
programs,code/evaluate_hccb_p418_fine_face_residual.py,5242,91c43dc8d63de15aadfe5620596397ad031ccf8ba7b4c55e7f8a8a41f219740f,False,True
programs,code/evaluate_hccb_p418_frozen_independent_operator.py,36283,19213f9c6b2f0fa5e09c13251ffe75c2aabc0208d99b6cc8a7ec6f1c6ef59b3e,False,True
programs,code/evaluate_hccb_p418_native_cell_prediction.py,14197,1c45e2b9b88700c7098b344264531281800cfb76187a96e3a9a8a03706015326,False,True
programs,code/evaluate_hccb_p418_persistence_baseline.py,6157,8257940b016947ffba1a4d98445f5f90fa127e8f455e692a084871e14f2a6d55,False,True
programs,code/evaluate_hccb_p418_regional_subface_residual.py,5658,7c41375ab689fff5206032f5d303ebc9594b99675b8523bef94ef45d411d043a,False,True
programs,code/evaluate_hccb_p418_temporal_energy_balance.py,26976,1171516e3e17a0cde8975f1efcc8ce7aba47b7bb40aac8218693f24cbf29260d,False,True
programs,code/execute_hccb_p418_formal_training_manifest.py,8336,25858bf759c107edde36cfce0d683fa05cb41cdf84ee2333338fd11a1b4c0dcf,False,True
programs,code/export_hccb_cht_training_sample.py,18554,8cd02b1c62e087cf28e0f8cae72a3148494340fba0790f5e359f04e0c0bf3ca8,False,True
programs,code/export_hccb_p418_boundary_heat_flux_targets.py,10718,f2d021bf356ef2a57a8d4d6fa574b40e58b8290264ff29a7cfd20e874b6d1ec6,False,True
programs,code/export_hccb_p418_experimental_comparison_targets.py,6973,ec2d5072ef702d34697f51c4a9abd960c3b7388b8ec5129bfa43a7fa44f9c347,False,True
programs,code/export_hccb_p418_matched_initial_short_observables.py,5629,b4002f0c7252c1ac214e31c6c526a457d1ae09b494a4e45bd7af8479c7096f7e,False,True
programs,code/export_hccb_p418_step_regional_sequences.py,25015,e457440d97f006730240d8fad11327451d592cfe640351b89266f690b688e3da,False,True
programs,code/export_hccb_p418_transient_observables.py,13828,3bc57e96abaf0ccbe982fdcdf752d067826289f05bf9bc5dd24527d61ab6bf8e,False,True
programs,code/export_openfoam_multiregion_boundary_conditions.py,28319,7095047b4d013137e6eddd2b64c817fbb57577ce955670f541e606ca480c0bc8,False,True
programs,code/export_openfoam_multiregion_boundary_faces.py,22535,09bc9a348b3941e197ba29df89f549c98350ca968f6bb64a8a2cefc5d7bffca6,False,True
programs,code/export_openfoam_multiregion_interface_pairs.py,14703,056a16e26b574b9bb4f61fdb4f905c98f824b497893b883971d224e056a0817a,False,True
programs,code/extract_hccb_p418_fixed_flow_short_reference.py,5028,eee3eedfa35747b13c0b2cda23db463774a264bb83eda3e14952b3d3c6caa48c,False,True
programs,code/finalize_hccb_p418_cross_packing_preprocess.py,7317,3e867da21f0db5c64b30f50d6fbe05d85f4534be44e472b5c4ccc9093a0d684a,False,True
programs,code/finalize_hccb_p418_fully_coupled_step_response.sh,2990,1815799b37c2f73d7d312192dbdd773cb7375713ca5187fa6948955058573eaf,False,True
programs,code/finalize_hccb_p418_mesh_sensitivity_case.sh,2612,7fc3421b48886b1d52fb4c322ff1a67a45fc67855d2ccd82409950179e316778,False,True
programs,code/finalize_hccb_p418_recovered_steady_case.sh,7447,9612df7d18d87421cfedb3b41a9305af73925b4b4502be86e6b2fb2f4612288e,False,True
programs,code/finalize_hccb_p418_step_response.sh,3422,4b7213796afba7dd9c06279c48914e3967f96ce3475b5d6afe636b010c9d92c9,False,True
programs,code/handoff_hccb_p418_training_manifest.py,8178,bf98c4d3d76e866569d0853fa03ce1ab695df9151fdb73bf1dc974c83208f6ba,False,True
programs,code/hccb_conservative_physics_residual.py,9150,47a6bdab1fe4a1f9769c850555da34bd5beba5e666b24afea529b52363186d94,False,True
programs,code/hccb_multiregion_steady_cht_residual.py,22690,dd6b4429342480d4d12b666f5c57209a0fe307597951761b76cc83c9dfc4f8a2,False,True
programs,code/hccb_p418_chain_roles.py,2843,bdcc7be86bacb6f9886fefae90113823f270b73a3801d267da233d22aac2b0b9,False,True
programs,code/hccb_p418_comparison_contract.py,10396,fc932f734b7aceb413c3a009fd2e50fdf0465eb558e00c9df3a53519c1844dda,False,True
programs,code/hccb_p418_conservative_mixed_operator.py,15676,f888e11408cb22f31801d0a4f385678218be54493cc455ec5dc927072e7a5aee,False,True
programs,code/hccb_p418_coordinate_pinn.py,7246,4804315fda7e7bd5f3d1dd71f249f913518df2ff5f087500f8490375ee873f19,False,True
programs,code/hccb_p418_fixed_flow_loss_balancing.py,4142,7dc241b96130261dcb968c851c2fe28774207e2042cbb73cbc2964f294203b3f,False,True
programs,code/hccb_p418_fully_coupled_dataset.py,7086,a3d5c4be5abfa49fce33c40a70e03fc6bb837459f7d02d0b669d6d1bef9ec285,False,True
programs,code/hccb_p418_fully_coupled_spatiotemporal_operator.py,21441,dfcbbe1bbed56e99985c1c5dc8a8ae29559e5d685830441ee686335a9df6a53c,False,True
programs,code/hccb_p418_fully_coupled_training.py,10610,55fd0e899e1e7e0b27399e94fb8ca8fd0a1d1caf88e45243a993ce8c7fbe292f,False,True
programs,code/hccb_p418_fully_coupled_transient_physics.py,13972,e7ece5045a30b4215b716cd0a8da7736739ea061961bc1bf2d7c3e29702a43a7,False,True
programs,code/hccb_p418_li4sio4_transition_characterization.py,5546,1c1578127d2c2f044e2aed64cbbe00a2edc9e992a6f05be5c65e322346c3473d,False,True
programs,code/hccb_p418_loss_balancing.py,10437,c753719733c974a64401b32b88787d056c25a83722a410be0399af90bbc68d95,False,True
programs,code/hccb_p418_parametric_regional_operator.py,28277,86519d5e2da42cbea0cfcca588f782d2254d2323a72c09dfd72dacc6822384a8,False,True
programs,code/hccb_p418_regional_cht_adapter.py,17052,6f769b2c12b315072e392e64fdf887f980bee1af902105e0dd3e589f3f5454b5,False,True
programs,code/hccb_p418_regional_diffusion_refiner.py,7572,03b4b10bdeb4322cb6d008d81cbf89948d2589097c82e05b6534fa52557943ee,False,True
programs,code/hccb_p418_selected_fixed_flow_chain.py,7387,f6a78965f6124714b76415c85326e11c18bbb7eb000d2ec57e4d92ebc8ff6b4c,False,True
programs,code/hccb_p418_source_contract.py,962,ea69c1a1499915f16615f4173acb59966cde897b59320e3ea1b34e8e9a6f9da1,False,True
programs,code/hccb_p418_spatiotemporal_regional_operator.py,26659,da4c89b47b238708649a1a49186d4d776103b8a199be08f842e2c1ebb0a3b8d0,False,True
programs,code/hccb_p418_temporal_temperature_diffusion.py,10743,42118cd4550d7591c825b0e1d6d3ea28280c7135eed868e96035a602cd915861,False,True
programs,code/hccb_p418_transient_hotspot_metrics.py,4485,0ff48de3e905b919b5430610afe399d01647b08b28971f37985d7bd66881320a,False,True
programs,code/hccb_p418_transient_regional_physics.py,16695,d3b87ddc794e26cc4256579285e3ae2925b77d2e787ff8b3c3768a474a84582e,False,True
programs,code/hccb_source_backed_thermophysical.py,10820,384e63f30565627551bf3bbbdb1ef1cb835b2bf020b342da50969a7a47b27335,False,True
programs,code/hccb_steady_momentum_residual.py,18818,ad8850e1060f73716eb828ce674207b092ce5860f0ceef4e9981d37b01c6d3bf,False,True
programs,code/ijhmt_figure_style.py,1520,d0b5f7a89ce21a5fec829873534dc514c09f47712d98d9e89d452d723c58b844,True,True
programs,code/import_hccb_p418_parallel_history.py,6460,b30262997de4aea5462bc142235988c7680c866c06913c5c3830fa28f91c4c52,False,True
programs,code/initialize_hccb_p418_fully_coupled_step_case.sh,2562,7f2ade36ebf8fb9f71f4c9552d50112db26f3243c9bfbe006f3f4087a6ec6d41,False,True
programs,code/merge_hccb_p418_prediction_splits.py,3723,93ac130fc81d9d8f14a6e10d4249eec995fb7e3f6b7cb6a34b5a8929b19c0331,False,True
programs,code/multiregion_finite_volume_balance.py,6407,705e2f36323a5482e5a4ef777534c4c49c06d5dceb63b6c3d8013ccbcf9cecc7,False,True
programs,code/openfoam13_face_flux_reconstruction.py,27895,230cc374bbb502aea9bb39dc1ba13f82922810764befca35ec5a03ddb71f43b3,False,True
programs,code/openfoam_ascii_field.py,5191,c08ad11f03f6d5f52d8835c219386e82dbb1c257b9c1e3a611ab5bccc0d1d1dc,False,True
programs,code/package_hccb_p418_ijhmt_submission.py,19183,cbe7501894024ce367a3d5804636433ece6b6b7e80d543f5d571b97064058af2,False,True
programs,code/package_hccb_p418_processed_data_release.py,5899,c8af37c613e8e0ceed0609767e653de7e88340c3b805ce4883a37ffae2124695,False,True
programs,code/package_hccb_p418_reproducibility_source.py,6886,cf1badec9bce2ae79b99c08899e7bf3472d5ff8509aa0bcbc953ae9920ec914a,False,True
programs,code/plan_hccb_p418_end_to_end_research.py,16638,28fa5240c0bfb457aba8ed24138d72fbba9f3b85298a99af0b793592b04624f1,False,True
programs,code/plot_hccb_p418_cross_packing_results.py,11623,356fdb67d43f067b15882644c6bafa430d4e5aef50b4cffc55c7186a12a61c7e,False,True
programs,code/plot_hccb_p418_field_cloud_comparison.py,34661,96b8edb997825f6d8404fd763a5dfce1ab174951b64522c96d7c008aedff10f7,False,True
programs,code/plot_hccb_p418_graphical_abstract.py,6922,3730b42fa6c3a059e7d024d5faf7aa64f28e22f0ec9e2d3631b37a4bb662022e,False,True
programs,code/plot_hccb_p418_learning_curve.py,4895,977cb688139db364a23c9652cf92f592a124e29d39f473f9c57055896f8b682e,False,True
programs,code/plot_hccb_p418_paper_workflow.py,13134,69c8b93535898e8bbd4f627df3e76ee8ebf8f4bdf2207d9b70db031d65fa9268,False,True
programs,code/plot_hccb_p418_partial_physics_relations.py,18238,fd3bd0868e25f26244ef8227059e44a934fc7542b09d3e92cca5511cd79b7faf,False,True
programs,code/plot_hccb_p418_physical_model_domain.py,20683,17549c3cab9942614f996749b471f57901448148dfb8da987b6cfb4173a32193,False,True
programs,code/plot_hccb_p418_physical_response.py,15556,d3b6ad4d484b63bb73bffec65c5a36c27531ba765bb997a682da27d4a259a831,False,True
programs,code/plot_hccb_p418_seed202_integral_partial.py,11457,c6d254f01a189a702dea5b5701e2c4d3b8e00621c5d82f6be93061993a164c4e,False,True
programs,code/plot_hccb_p418_steady_engineering_comparison.py,6047,fe457f533f7ae71427595f9a4ab0e29eac88cb84bc327bf400661d50edf8616f,False,True
programs,code/plot_hccb_p418_steady_model_comparison.py,9184,c4c5d74c7bf61b6c014b41f69d324bb9b22eb77095c437668c951ad6c188360f,False,True
programs,code/plot_hccb_p418_transient_model_comparison.py,29410,f740834101cf1d60f06786f53f16511c9808d422dd1e9964785c2997a94cda7c,False,True
programs,code/preflight_hccb_p418_formal_fixed_steps.py,9204,aa3ee5b96ecb68f2789e709be4f77cf9bfacb0ecab48668161b3d97a4da71cd6,False,True
programs,code/preflight_hccb_p418_fused_research.py,11164,6369f86b7ce5b5bcf9850baa96f98bf89e9b9cee19e7e7ac08b9037b0ed4fc1a,False,True
programs,code/prepare_hccb_p418_matched_initial_fully_coupled_candidate.py,6876,21d78e8ec31f4014989577c8b2242eb9b17e78364debc915159f82dab530ad1d,False,True
programs,code/prepare_hccb_p418_matrix_schema3.sh,1703,9f1480d8e32850116ef54e9b1c9288898842bda3a61bfada3b551f2ee860f397,False,True
programs,code/prepare_hccb_p418_model_data.py,12645,ae9caedd170f171c30570ddd1667ad940ac94d322a1debd10c395b549fa45de6,False,True
programs,code/prepare_hccb_p418_seed303_contact_gap_repair.py,8742,289c12cc79f3ca58adf3f1c6601b02002ae308bcc88d8dbbc03669a33f437055,False,True
programs,code/quantify_hccb_p418_regional_representation_fidelity.py,14211,43bfc73bc4d50abbb182f1c76265a185ccc8444cd1237697cd6253a8c2b46487,False,True
programs,code/reexport_hccb_p418_pilot_schema3.sh,2348,4c962516569945f07dd19042dd688ede7ce94d87ee31a21d6d0dac1d093c1bb6,False,True
programs,code/report_hccb_p418_runtime_progress.py,13424,c1e404063fe220372d63a9f0d833754d3c52c0e76fa3c93b7b4a3b732e7b6ae9,False,True
programs,code/rerun_hccb_p418_post_selection_outputs.py,3246,807d7a3023db2c56f023f52f3fbc9e6995aa2190587c02f5d1bc188eca71cd23,False,True
programs,code/resume_hccb_p418_after_power_loss.sh,2292,5a4a0dd60859c1962dfe9f877c608666686c757eafc9c4c23d890f30aecade5a,False,True
programs,code/run_hccb_p418_60_diffusion_refiner.sh,3095,567d5088d6a5cff494413e41aad62fbb7cc96d4a2837dc244545563493a1dbb6,False,True
programs,code/run_hccb_p418_60_model_comparison.sh,14558,dad7ba184273a8bc4fd2520a45641fb064bc6d0a30b25b8cef191439e39623ef,False,True
programs,code/run_hccb_p418_60_model_postprocess_only.sh,3717,5e6b52363348a697cb4f185329a35afec3e8031be6fc5dd931c3c9eeb433b227,False,True
programs,code/run_hccb_p418_60_postprocess.sh,13635,a94ff0a081e510294b5983b593607127fba81d39ff28e7ea8d703bd596c93e1c,True,True
programs,code/run_hccb_p418_60_transient_models.sh,1133,1aed68a45f29bfec0c585dd397dd8eadd8cbc31aa3b6e19d63e34ab9d6e3ede6,False,True
programs,code/run_hccb_p418_chained_initial_state_evaluation.sh,4617,8929f46be080359087cb43a1c3ba8a044acfb14a23047f7da16af0bd876d603e,False,True
programs,code/run_hccb_p418_continue_after_seed101.sh,2880,0a0afc644621062f952ef943fac762db0e6e4499280ea849e1f80755996c5468,False,True
programs,code/run_hccb_p418_corrected_steady_comparison.sh,4249,ff321f5edaf733a52c67b61e28a2ad4899722c3b8eabbe064854170d10d8940c,False,True
programs,code/run_hccb_p418_corrected_steady_when_ready.sh,2839,77adc82f4b6cd8af9c8b80260d73fb2e73deeeec931b3d315c83f4bd5eb47337,False,True
programs,code/run_hccb_p418_cross_packing_matrix.sh,3994,f0e73ac4a6454fd192379b3aa3b16f41cf56b3ca639fb472d7bd5467804ef89e,False,True
programs,code/run_hccb_p418_cross_packing_model_stage.sh,7884,80b6b2b4ff7fd60fd8a58b1aa95156bf95556289ee1aef0b3f03d7dc9ae32d77,False,True
programs,code/run_hccb_p418_cross_packing_postprocess.sh,11871,b2025d6307e9c08934b65496e918dde05a3ea89c1868d88278e205af49cfcc77,False,True
programs,code/run_hccb_p418_cross_packing_setup.sh,9239,e9dd8cde4054674921c7732ad7283683dc167c66e998a778d7e1d9cbaa462777,False,True
programs,code/run_hccb_p418_experimental_comparison.sh,1629,db43f15f8d10e9603cb63ee955b16ad960ea86e2f684d3a6633cc4fab9bcb521,False,True
programs,code/run_hccb_p418_fixed_flow_loss_balancing_protocol.py,5959,08f1e427775746294f14caa43f7f80e0153455ba1dc3785bdaa909a7239bc502,False,True
programs,code/run_hccb_p418_formal_calculations.sh,20949,61c94adaa0303a9ba28f28f8cf33e9d22ed53359d13ce282bc5aa5fe14914a61,True,True
programs,code/run_hccb_p418_full_domain_reference.sh,5771,4928b6b9e6d37d5c432ca8edbc4db243e7147658f95cca7fb07bad4c4231d7eb,False,True
programs,code/run_hccb_p418_full_domain_reference_when_ready.sh,3244,4edbda84a90807bca814d9f5612a48720ade0aa5672ab4511c2d4bec8b6282d4,False,True
programs,code/run_hccb_p418_fully_coupled_model_stage.sh,2470,3a738a419d602632a06d478a15e900fcb863ab13035b005b605252fbb833f177,False,True
programs,code/run_hccb_p418_fully_coupled_step_responses.sh,9440,b37d274f7ac1d013342fe4106fdddffe3d996b434c5d1ea304e2fb910579ec95,False,True
programs,code/run_hccb_p418_fully_coupled_timestep_sensitivity.sh,3402,2a29acb18f39aaeb0ce72393f340b93f049f342c8f5d96228634f2bf63436b65,False,True
programs,code/run_hccb_p418_gci_mesh_candidate.sh,1964,9a7ecb85e7b4b724ba289c2159ea5ae7f0ad5f2de3ef56d0658151496d62a4b7,False,True
programs,code/run_hccb_p418_high_re_independent_evaluation.sh,6089,465e393ef48f6d5dfcec4c706039566bec8097eecc93f77a9b81a6c1c592e534,False,True
programs,code/run_hccb_p418_high_re_independent_steps.sh,2240,955b59a15057d09d98f54149fa7d1bbf2d6637737b194e2160dfcf6b23d99c7a,False,True
programs,code/run_hccb_p418_learned_model_experimental_comparison.sh,2784,b7b6b8d133390251c06b88d3f35cde63e97977007f7863d7cc80f6a4de7b31bb,False,True
programs,code/run_hccb_p418_loss_balancing_protocol.py,6165,3c7d7fcd1a8593ad3e8a8d2453b0641a09f9c5cb115ebb8d0e92fa0489c48c60,False,True
programs,code/run_hccb_p418_manuscript_refresh.sh,16787,2b97a5599f290780ba17d5efd55f3cb1dc219819d4eb1b2390dd6b8bc406a69d,True,True
programs,code/run_hccb_p418_mesh_sensitivity.sh,6983,5da96fb53fc88baf69a547e70fd62eb6303e517cf0291dfc0c376ce11689cf80,False,True
programs,code/run_hccb_p418_mixed_endpoint_model_smoke.sh,1091,2d9dcca43eb8e86e566e145e8363bf5e5d6a520139f5ac2acafc1ea7236e3a58,False,True
programs,code/run_hccb_p418_mixed_endpoint_smoke.sh,3674,2ff0414d9a4503d2ba0f8b4b855bf0d15962aee50dbf7dc8e7a1fa74cf1da664,False,True
programs,code/run_hccb_p418_observable_transformer_chain.sh,2101,2f8ac255f90b731a1b44e18c9ae6e3cb3ccde52350c01768ce3d34f015c6ae2f,False,True
programs,code/run_hccb_p418_post_manifest_field_figure.sh,3184,d4cfe188f67c8dc4baeffa7f8fb678fb4d2680869fe879f36114f94f932a8a2c,False,True
programs,code/run_hccb_p418_post_manifest_graphical_abstract.sh,2004,42d4ec82679937359a8521b275ad5e2088d73946787aabee93025a7388c232e4,False,True
programs,code/run_hccb_p418_post_manifest_manuscript_finalization.sh,5832,608b148999486b9314b1776d1192f04b2748c0c66a13752547725bd2468c9e46,True,True
programs,code/run_hccb_p418_post_manifest_transient_figure.sh,3685,ce2d2aa5a0b4e4245f065a2963bda4fc656def5ca09d1eb1479a3f4872989b0b,False,True
programs,code/run_hccb_p418_post_training_evaluation.sh,2758,498104c02076c265a75ac0a11383cd8c88792f5fcc24a186bae4d9b74de66395,False,True
programs,code/run_hccb_p418_poststeady_pipeline.sh,19202,979ba94b05484014a1b756330dff4f30db775add207d039f2bf94d1aed1ca2b4,False,True
programs,code/run_hccb_p418_regional_topology_after_pilot.sh,1102,1cbc8c23e24738e1454f0d364cb2ce01b49bd35d9278c9e60cf3873654ed98fd,False,True
programs,code/run_hccb_p418_remaining_formal_model_chain.sh,1829,bb7c345c6ad20a1f924214e6a1b61110bd6c5567300fc289d4f1e516432c7755,False,True
programs,code/run_hccb_p418_remaining_validation_chain.sh,8273,24fc8e03cfafc8b418eae10aae8063a92c5b4cfaa676f4faf372572d48409e07,False,True
programs,code/run_hccb_p418_selected_loss_downstream.py,12483,21579239b3b1935bf2017ba97eda74e39068f6f52f1a6b450ba8dd6168cc721f,False,True
programs,code/run_hccb_p418_sourceflow_after_preflight.sh,10591,c052c4baab73a715e6f87bfb9831e4b625865fdf8613be7b255c055e4cc99379,False,True
programs,code/run_hccb_p418_steady_epoch_followup.sh,3922,9c0369b946b303a40f2b672292862558975b93dc75da6d54c69c797526455e3f,False,True
programs,code/run_hccb_p418_steady_learning_curve.sh,2333,2de72ea25bf78b7c7b40aa5d5b69114fcac4f48e680082486619b171286285db,False,True
programs,code/run_hccb_p418_steady_loss_weight_sensitivity.sh,5366,a91d576d2862e9f8bbc43551e7fdab1ffd91eede4893a546a47b247de8506205,False,True
programs,code/run_hccb_p418_steady_seed_robustness.sh,4311,ccbf5ffe84a4a04b91cf4be04b0bff29409fc8926d2db77772fd5d678da9b093,False,True
programs,code/run_hccb_p418_step_responses.sh,31009,e740308cba80f06249af73d714457a8ad3ef25faba74d523a6bc0e063ec77336,False,True
programs,code/run_hccb_p418_strict_regional_graph_chain.sh,4009,4c76d727da145d9a76ffb07035166b24c82793449225712170e9a8209db14949,False,True
programs,code/run_hccb_p418_thermal_timestep_sensitivity.sh,2401,dddb573dc42761c67fbe11a98f6560c962606f5ad478afffc87b42aed178b4c1,False,True
programs,code/run_hccb_p418_transient_learning_curve.sh,2151,dd41591cdabff57f7e2c0d3071b29e39434722aa026c8686979f002d9bacd181,False,True
programs,code/run_hccb_p418_transolver_seed_robustness_v2.sh,4037,66388b82bba697e622d583a68a8135554e36620ee66bcc98a31b30d4475ba243,False,True
programs,code/select_hccb_p418_cross_packing_architecture.py,7782,0974f94f25abe64b9bc9b4080b2f3731fde4b1ef60d3f70410030be4c4769a98,False,True
programs,code/select_hccb_p418_field_figure_model.py,9196,d24dc705ed9889e971777e42471ee2704cb2fd8b339258ecb25227492086d549,False,True
programs,code/select_hccb_p418_loss_balancing_method.py,8641,14c676d161906bdb721f75c94f56aaa2b08df0025ac96f471d9e524be8031411,False,True
programs,code/select_hccb_p418_steady_chain_source.py,4983,e72c8a3d6f67734446b11bc4c44aed0d6187ec0677d8dd7a4dd085de8e879d06,False,True
programs,code/smoke_hccb_p418_actual_regional_operator.py,5092,dbf15163d3298e165cbaaea352194e73b628e77b034a7e12852e69939ecd9e22,False,True
programs,code/smoke_hccb_p418_actual_spatiotemporal_operator.py,15591,66085e7772276f6fdc12759bce9677e6364988ff0cbbe9408f052fca017f1752,False,True
programs,code/smoke_hccb_p418_actual_temporal_diffusion_gpu.py,7789,6dc1b493ef3351ddc28f2ba75917c34e50521ac84c62a4437fc6b7b37f90644a,False,True
programs,code/sparse_temperature_observation_operator.py,6876,3d5b156df7c34bd3d695ffb6d3198c254ebcf028e9c4ffe15ff0b8ce504f3728,False,True
programs,code/summarize_hccb_p418_60_model_comparison.py,20385,c5c273f310ba9f302d09405f7e9a88feecf20ed140f5e800d8b323d6548df0b2,False,True
programs,code/summarize_hccb_p418_boundary_features.py,6938,b12554b8a2c4b4242b169577f30fb2f5ee33deb986ae286e0f382eeacf320976,False,True
programs,code/summarize_hccb_p418_completed_matrix_physics.py,43942,aca422a3ef6d6e67b728266fc60da8736285265c4bf9565228fc15d53a70ff59,False,True
programs,code/summarize_hccb_p418_cpu_gpu_efficiency.py,3407,fd7f46188ac3772be2dbcc861b0049e8bfe5d2a37d98f086f0c8e9beb337c488,False,True
programs,code/summarize_hccb_p418_cross_packing_geometry.py,14278,057a641bff1b3935090fe2cb62b851dec83491b49df1a4da02abf8d4621ce1d2,False,True
programs,code/summarize_hccb_p418_cross_packing_models.py,9294,331d82e62bf413c91e8dab46d0862433e0b58df875a36bcdc60c27e29064c099,False,True
programs,code/summarize_hccb_p418_engineering_metric_leaders.py,6490,643577c173f00bec2549700e48b743e5a8b41e81a5797a9472508aa0140a4292,False,True
programs,code/summarize_hccb_p418_fixed_flow_loss_scale.py,5431,d02e648b612b707ee7be2908db3c3fe56cf5d3e5ee104521c85a6ab9ac983544,False,True
programs,code/summarize_hccb_p418_formal_steady_tail.py,10975,3d2e672fe45810ca665ce8e90198ddc7672563c3baa78863bf4ed64c23d438f4,False,True
programs,code/summarize_hccb_p418_formal_steady_tails.py,11134,485992e875c4b3fb8ede15c3a43e0e9955cd766fe9b6dee603d86f2859e6c7eb,False,True
programs,code/summarize_hccb_p418_fused_chain.py,8429,135a9f5354b65c39f1bc7bbdb79b692818de7e47ee2b6994119abe2aa5abf81e,False,True
programs,code/summarize_hccb_p418_fv_loss_scales.py,13995,c3c378459ffb96815f6f13526fc4fa30e563e98986db42d12081d8f2abce0778,False,True
programs,code/summarize_hccb_p418_high_re_model_comparison.py,12469,54f38b6e036b39d781c302b46356bb99ac9b88d8991fe3a64936b7cdcfe08534,False,True
programs,code/summarize_hccb_p418_learning_curve_efficiency.py,7910,36613508074ee12d57b36fec16b2bd08c8ccc7da5a8e74caf1963992a05a437c,False,True
programs,code/summarize_hccb_p418_mesh_sensitivity.py,11111,f6ebf2e3fc0f863b2b626d82b66884491f17a94a8bc4ebca56c2610113f5c113,False,True
programs,code/summarize_hccb_p418_native_cell_predictions.py,4195,efb37353c5a5f67e5fc7632db1abc68a7f06959c67a67c242b4fa613cdc134c7,False,True
programs,code/summarize_hccb_p418_regional_volume_distribution.py,3218,85b53de03010dc3fbc234196e3a4f7a17aee76956246b6dbbb16c8c4f1558778,False,True
programs,code/summarize_hccb_p418_smoke_repeatability.py,3506,169bcec7bcbd9939b8fb05d658c306c7cd369c86a07555358d10c097bad1bbe7,False,True
programs,code/summarize_hccb_p418_spatiotemporal_efficiency.py,3665,f2555fa45ceb19697c397918593862fabf649c6f2261c95e2a222bb33186344a,False,True
programs,code/summarize_hccb_p418_steady_end_time.py,11480,cdb82736f6c64aa43b2642e7b7b7fd501e967978f894e93439c20a5868b98417,False,True
programs,code/summarize_hccb_p418_steady_hotspots.py,8663,c9cb6fa5257f7a469b2b27facdb6769272e3fac595aa3940ab2aafacc933f8ee,False,True
programs,code/summarize_hccb_p418_steady_loss_weight_sensitivity.py,12116,8dd65d2b47fdfddfb1c430cd1827a27a71773248d2af20a1fb6ee09e73703f3f,False,True
programs,code/summarize_hccb_p418_steady_seed_robustness.py,14150,c7ea55e8e3913654c9d6413544e593e815033ca4d0f96f2374a6076a483cad68,False,True
programs,code/summarize_hccb_p418_step_endpoint_readiness.py,7103,341fbe5461987adaeba15aa88abd41f31a29f313e7f920c90d7e8e64b1025631,False,True
programs,code/summarize_hccb_p418_step_model_comparison.py,51950,0919141b0985ed438a7efb791a43dd376c8f0b4fcdca12d773044cdbe6e132df,False,True
programs,code/summarize_hccb_p418_step_seed_robustness.py,7386,69b19d0910bd362c589ce07f2762836a5d36dddbe0640305d3ed4ee080987d0b,False,True
programs,code/summarize_hccb_p418_thermal_regime_model_errors.py,8980,840c87f378b9331ef1bcfc5717cb81cf0dd809584767ae7ca52aab6f6a3c5549,False,True
programs,code/summarize_hccb_p418_thermal_regime_split_coverage.py,8701,4dc8fb8b01d746496c2574cc38f59e6e9e71509808038b290e35b9497df4baf8,False,True
programs,code/summarize_hccb_p418_training_data_coverage.py,20752,7c96909ec8b2be772296150e508d7579be906b70f0a4629b8073b14ddd04e5e2,False,True
programs,code/summarize_hccb_p418_transient_learning_curve.py,8772,f5288acc12180d26949ed2cb02826392dd2615eb76586a5a01eae17ffc38fb5e,False,True
programs,code/summarize_hccb_p418_transition_temperature_coverage.py,18574,dffba32b72284e08ec02a7f0d58d55eb83a13e5375d72105f918ff538c748532,False,True
programs,code/train_hccb_p418_conservative_mixed_operator.py,54752,b18c328df9a81963894b9255866b00aaddb176f7003a96430967eb23b506ca89,False,True
programs,code/train_hccb_p418_fully_coupled_spatiotemporal_operator.py,39888,cb763c24f2320933a4ac5fb86f5df0f5a6c17e822271263d563f4896df49cf29,False,True
programs,code/train_hccb_p418_low_rank_temperature_residual.py,14869,46178a64941c95224765b3e238c1106ee73381b70c0591dc3ece379066a0f13a,False,True
programs,code/train_hccb_p418_observable_dmdc.py,15033,9599ca136a680cf9e5a4a7bc9a2282a50b0b1756fe2ef1ca81076440c25f1aec,False,True
programs,code/train_hccb_p418_regional_diffusion_refiner.py,17932,cc7e3d8bc6a2aa25ad2281fdeada10608b39ea776a0dbf479d3a23cc09cca3ac,False,True
programs,code/train_hccb_p418_regional_dmdc.py,15551,9204b9f9eece60eeedee75edce5a7e5ac1888b0711c1c3ae7a143187d46bc993,False,True
programs,code/train_hccb_p418_regional_operator.py,33680,8bededa0ab92dd32acc691b0a5990bb4b8299ef1aaa3b499a6b47d74121c8ae6,False,True
programs,code/train_hccb_p418_regional_response_surface.py,25074,36d777357c155ae00a57ceea1e4e4175fc61d5482948b452194d1b7fed8c195f,False,True
programs,code/train_hccb_p418_spatiotemporal_regional_operator.py,73025,0cfbbef8f76a9f2307d2b8322a105dc93f6dcf570a1cb0569ded2bdf37824d23,False,True
programs,code/train_hccb_p418_temporal_temperature_diffusion.py,73061,57bb3c8fdcb9f48e0e8851e40d17a1a91bef95b5836229b74202a0e4b582d757,False,True
programs,code/train_hccb_p418_transient_observable_transformer.py,19343,da139d1f6ce7a82271829e3cbc47e9976d46b2f51f85b669207ae7efeddb5fa2,False,True
programs,code/update_hccb_p418_case_parameter_labels.py,4085,1b9404527fbdf4bc6557d055797e478eb3972a42bc33d39bfb6df544f93d9c69,False,True
programs,code/update_hccb_p418_matrix_parameter_sources.py,4268,34dcd6e437333601150c77f3ae61ec3d3484b9c43fd958259d0f2d2b963b743b,False,True
programs,code/validate_hccb_p418_experimental_data.py,8236,512c2ff550c0090e08695fa10143b2984087a30970bdd35f77d0870ea1cbea21,False,True
programs,code/validate_hccb_p418_helium_transport_check.py,3892,cf67fa6e39f5e0dbdebd98c4500c734b75514d96262673605422c6f635fb0455,False,True
programs,code/validate_hccb_p418_steady_comparison_inputs.py,11973,ec59730740af19fa99eedc12b88892f375a62a8d9ed5411daae49e7d5a83f2f7,False,True
programs,code/validate_hccb_p418_steady_dataset_ready.py,3354,b96b3ac293d00abf881c4ead164a09c5a27f740bd29762918de0763981b26c66,False,True
programs,code/validate_hccb_p418_transient_step_plan.py,2312,b63fbf2d20c1ab6ed3f9b23cafddefb4a2646e51e14bbea71c4db66bbf0c7309,False,True
programs,code/verify_hccb_p418_actual_case_inputs.py,20391,3b6552be6a092a3d93478d42573bc4e6f270ed2f80c0fa5a4efa74cda02a02b0,False,True
programs,code/verify_hccb_p418_actual_interface_coupling.py,10845,40a8b65394c2d0838a71a8ab2466d85577250c377e4e39d4506596be3e541663,False,True
programs,code/verify_hccb_p418_cross_packing_fixed_model.py,5367,ee368bfdebafb0c92660e5ed714612d057fe5f1cecad07bcbcbb494ded83a4bd,False,True
programs,code/verify_hccb_p418_cross_packing_matrix.py,5652,c0f320fc79c3cf3f1f058a69d49b3bce4ac0340d3aa1f5a7a4f09e2187d90298,False,True
programs,code/verify_hccb_p418_diffusion_observation_scope.py,6229,9ec1b63d73048a8bce7a804d2c640f61d10404c05bec1e49fd89da7e1c45ed7d,False,True
programs,code/verify_hccb_p418_diffusion_physical_state.py,6413,66e0c80c5d781a38c4bd835ea1a3dc9812d2b35bd9e1f6cc8eb67d5840a0f2a8,False,True
programs,code/verify_hccb_p418_end_to_end_model_interface.py,9874,6d958433fdf8bffd68cdd4373f75da17a522aeb8570456aa3e3db48748c3b7f6,False,True
programs,code/verify_hccb_p418_experimental_observation_sources.py,4885,dbf5a97cf3e5b53bb104e4fb40d39fa303125dabda3076d16874fd14c814eeef,False,True
programs,code/verify_hccb_p418_fully_coupled_step_initialization.py,10538,dcb89115eb24ad02accf0e374aaaaadd9a999f3d6da02ce95c503c305953db40,False,True
programs,code/verify_hccb_p418_fully_coupled_step_plan.py,16214,c110b2b128e5aaaec9d77767b8a359a67369c4dcf0a537e1df6623e875215b1c,False,True
programs,code/verify_hccb_p418_fully_coupled_timestep_summary.py,5712,3c4806daa573e92f934eb8a06ae529309e872bfff09d712c50e108e37e55e718,False,True
programs,code/verify_hccb_p418_fused_model_contract.py,15823,b22329dcadbe7874e8e7aa58ffcc1b1ee0101008da17b28b496dc3a40d533c24,False,True
programs,code/verify_hccb_p418_high_re_independent_plan.py,9911,71839001e12bb675067268433d40c6a237f3a3bedc285d790ac825cdcb1ab575,False,True
programs,code/verify_hccb_p418_ijhmt_submission_bundle.py,10193,079e6c9ff72d728c0cbaf234553264958b457997fb742c040304963fedde927e,False,True
programs,code/verify_hccb_p418_mesh_fine_reference.py,3661,3334bb5a814b188aafdf028371a7b5e4c421570887d2e18f46beda5e71a1300c,False,True
programs,code/verify_hccb_p418_model_comparison_protocol.py,11985,73a6e23eab13007e68adc4396d03e7386c3ba2aa2ac1886c35d1d5c06d6a2c14,False,True
programs,code/verify_hccb_p418_model_settings.py,34690,936e88cc69dc973aa04d8e7e86a6a71cca810135b20bec75efa0c3456301f045,False,True
programs,code/verify_hccb_p418_parameter_evidence_files.py,9208,9121afeeff4f6ba71e792e1bb7d4251dfab6805350f39ed5114a9b1ba32e2a70,False,True
programs,code/verify_hccb_p418_poststeady_completion.py,7255,f046ba214b0c639ddde8f6cb3ca038196b770190c155d8713fe22c4ec8d044af,False,True
programs,code/verify_hccb_p418_pressure_domain_extension.py,5821,d480cab93490bff85e11aa5d48f71a1c86d4427693dc6cd286a9594dc48d8c4e,False,True
programs,code/verify_hccb_p418_relobralo_primary_sources.py,8833,72c260d32f921faa7d3b6ef8f98ecf804ed4ab24d1abec1e1f0b2ff59cd377fd,False,True
programs,code/verify_hccb_p418_seed202_terminal_status.py,4530,329196a33b6a855271370aab36423c91cf8903268ddff1ce16d779beebc9ece8,False,True
programs,code/verify_hccb_p418_steady_seed_repeatability.py,8495,3f81f939ff0fa63accdf4120e6854ffcf6ccf877bbb0a282f3023ed79f1598ea,False,True
programs,code/verify_hccb_p418_step_initialization.py,10993,fe3155ec84eb3c787267679fb8cd373e5380257acea7bd2c3f6506c91401c742,False,True
programs,code/verify_hccb_p418_three_mesh_recovery.py,8397,68d06b1a121f060f3ef08a209a1673ab7854001797810929660d7d03972f6fbd,False,True
programs,code/verify_hccb_p418_transient_endpoint_fields.py,4911,7b572dcb6d63c6556decc6db6dd9ad859026f226e123c4e036739d588cca6951,False,True
programs,code/verify_hccb_p418_transient_learning_curve.py,6117,b4acbdd1c976b8f0359aa175a2cc901eea411f106bb2d6459530343ad47b5441,False,True
programs,code/verify_hccb_p418_transient_thermo_correspondence.py,10527,fd99b8cf5b8559f7ca20b05dba92d43b4010cb8c6697acde12cbd1b674d97ff0,False,True
programs,code/watch_hccb_p418_partial_physics.sh,3716,c625fc39159d8c06360c4ea6b8318ccd58c3c12fd8143ee8acc29862fd2afb0a,False,True
project_entry,data/apd006_hccb_source_sequence_target_packings/seed101_s80_xlo_ycentre/packing.npz,51266,9e289c8752cbe8d1ce767d383536a67908568f10ed71d591d67ad8348960ae43,True,True
experimental_templates,experimental_data_templates/README_CN.md,3317,1dbda2d2e4b74b20ab479ca2b4481ad5a21297f99fd83535dd69f81c7498006c,False,True
experimental_templates,experimental_data_templates/calibration_records.csv,90,73047c15c9bb8737fa79c54f103823263d34e382ddd6966b10a5acb0949c2b27,False,True
experimental_templates,experimental_data_templates/experiment_conditions.csv,104,eb2311327d2057be6fb5edb89cef0c111f0bab20046e1ea58b55ba4944b1eb4c,False,True
experimental_templates,experimental_data_templates/sensor_layout.csv,124,87a891c9ec2fc4c738246d10492f384642391a137b079987118ab14125c83d3f,False,True
experimental_templates,experimental_data_templates/steady_measurements.csv,105,842a1ef5ae99bf91afd314284b59bd73a028c0c2871dccb82437024161c1a7df,False,True
experimental_templates,experimental_data_templates/transient_measurements.csv,78,1e7b1bbc0e378631756fa17f6e33c612614635affa43c3c60c14d161e1a0521e,False,True
manuscript,manuscript/P418_论文中文便读版.md,12454,609b29a109846982bd932341ebefebc894db86dba7b1d9ebb2d228650185c5ff,True,True
manuscript,manuscript/elsarticle-num.bst,29462,aaf9bce5453a0c191aa5ff4d200dc3a9b4170a6067ca723ec4f1edcd7ca14edf,True,True
manuscript,manuscript/elsarticle.cls,44541,23a341acd0e35c20148c836fc6e9251549aa45b059fc1750356ca2f3f11f3cb0,True,True
manuscript,manuscript/generated_cross_packing_integral_9.tex,876,fa5cac09a49b215aa7440c40fccd334603f4142fc183b006b8fc6d1ae93b68e5,False,True
manuscript,manuscript/generated_data_splits.tex,2105,f9d40b043280dba68c50c0f25fdb3d3db11c14ab655ef78ff3679310854e33a9,False,True
manuscript,manuscript/generated_dimensionless_envelope.tex,296,769d40cb9f4796cbfc05d981d5190a45bbc5fdfdfb7e65da337cc746e67d5015,True,True
manuscript,manuscript/generated_high_re_comparison.tex,732,95ba49ac1b7a5884be5f0d5a8fbd363f362e9363999a1cf2aa5c2ef5e831f220,False,True
manuscript,manuscript/generated_high_re_reference_response.tex,1051,32da33257d0aca2c5948e34ae73f49a1a2bf1055062807819f9dfa5f776819dd,False,True
manuscript,manuscript/generated_mesh_sensitivity.tex,1455,73b2d499c68071bf094a9c7d1fdbec795b08c11fd5291d187499c5626cb47747,False,True
manuscript,manuscript/generated_model_settings.tex,3039,8c912062a61cc82a398b37c7d23a11e2f9132fee1e54177c3777600731ee8cba,False,True
manuscript,manuscript/generated_native_cell_performance.tex,993,7e5fe63fe8eedd57f5f14ea0549b36530b20330de9c7b26b3fb3fc4c98f89dc3,False,True
manuscript,manuscript/generated_partial_cross_packing_text.tex,914,4ff3a0768e25c4fa7bf9efb3cf7bd7d234f384046f0dac2a3bf229437ab504d8,False,True
manuscript,manuscript/generated_regional_dynamics.tex,1140,a00e9e6abffaff8898fbd666511e4e447109c81892cbd35854c4f9da5da3583b,False,True
manuscript,manuscript/generated_regional_dynamics_text.tex,535,7d966242b02487ad8a4a6763892f24d90e7f0748460fc92e4e10eacd4368115b,False,True
manuscript,manuscript/generated_regional_fidelity_formal.tex,1708,611debc1b2ab6e6bf49894ab423c96c68490ea95d389532d0e292528421c3133,False,True
manuscript,manuscript/generated_results.tex,682,71203e23eab7356623204fc7ffde61ba6450ef089991edd43bcfb6971af7415d,True,True
manuscript,manuscript/generated_same_source_correlation.tex,1857,43e40ab234c5b3743c5bac18f1f0f62aa5e6dd200141b3a88857431cc026a517,False,True
manuscript,manuscript/generated_scope_limits.tex,1132,d34548f802472110cbe034460fb3503ccadc046c5962b95db7f3fdaedc3575f0,False,True
manuscript,manuscript/generated_steady_factorial_effects.tex,935,ede5b71e604d6e4a05281b51f044d8d4aef179d6cba4041d81a8ee89bc33f40b,False,True
manuscript,manuscript/generated_steady_final_windows.tex,311,de558aedf3cd08028590b4dc02f9c347ea4bd3b2efd2a538463bdfad86e3093f,False,True
manuscript,manuscript/generated_steady_model_comparison_validated.tex,79,243aea27bc8b77871e1babf4f409086a7e558c9ae94a246a2ae3b5cc254d089a,False,True
manuscript,manuscript/generated_steady_performance.tex,1363,2f57369ca262b7193a6bb90882d1c18239b43e639d7661e2e89273cf5d16fd5a,False,True
manuscript,manuscript/generated_steady_result_text.tex,1560,cba5714b81fc3ead30ddea4168dafe6c8b3c970275bd69cbf7ea7bdc64c274d8,False,True
manuscript,manuscript/generated_steady_seed_robustness.tex,927,ddaf852b35c5cc248b89dc900869b770aaffa807dc93f1c597a77a78a8a2c561,False,True
manuscript,manuscript/generated_steady_seed_robustness_text.tex,620,90bea298128ae24c1ac691a5646190b104a1d8bb71d138b77e1c74b4ec80440b,False,True
manuscript,manuscript/generated_supp_equation_input_map.tex,7280,808ed7772712306fadea0161a3e8bd2f51c2e541c9f242a6417a7fcb4bfe6b56,False,True
manuscript,manuscript/generated_supp_model_settings.tex,26347,288be299f8f39f062d4deb75233e3828afeda456d369943c57c305315994c3ac,False,True
manuscript,manuscript/generated_supp_physical_parameters.tex,11744,8ada6068fab3bf963cd04e61cfde9f1b300587a4c981426b2552b4bf655cd286,False,True
manuscript,manuscript/generated_supp_result_source_map.tex,20486,7c5e5e1004551d08ac54d9bdfbc06daad99765a3254bbed636214c1b822cc474,False,True
manuscript,manuscript/generated_timestep_sensitivity.tex,1102,57923ce25af9f12b0d5b05ceddec98fae502b333ea8751cded4a5de66d0f0b22,False,True
manuscript,manuscript/generated_transition_temperature_coverage.tex,1040,6873376425539424263f8956268259e2cd5b32fbd52232580d6fdfa4e87ef29b,False,True
manuscript,manuscript/generated_unbounded_output_diagnostic.tex,803,e5e64a79d6f716c64e8613b70de3db283754ebd252d1a42ae812e481d68254b1,False,True
manuscript,manuscript/main.tex,14428,3bd552346667eb2b50953996ffeee5d41085f653ea8a00be3fdfc726124600db,True,True
manuscript,manuscript/methods_condensed.tex,10833,a6c5dd96993a9f3e2587a812da249de81c2bd0a9119b1684ff065c19af1c960b,True,True
manuscript,manuscript/reference_metadata_decisions.json,1158,0a96a58a93243d8279acc31f239d504284ab2a975b357aa6365e1c9cc146c645,True,True
manuscript,manuscript/references.bib,18326,c99b533dbddf49ca7f24aeddf76fa1d6ff1b4df64968e16824cf7efe71cdc8c2,True,True
manuscript,manuscript/result_source_map.csv,26749,b9e4ff69ab4e25956dd11066965895c3a16cdfb380413a81810aa932e0c3ca28,True,True
manuscript,manuscript/results_condensed.tex,9101,389659d7a41657632437beaefa15f3b230253d5d6464f238900ee3bffe92df0a,True,True
manuscript,manuscript/supplement.tex,1743,c5dd11d6dffcd45c6df40ca42959ce8c5f4b72c0f0c5e4587f9620c80ff70886,True,True
manuscript,manuscript/supplement_condensed_body.tex,2979,d02947f1c99650cc10fad9bd1abe1583044216847acd53fefff9eba41c4aaa97,True,True
physical_and_model_inputs,parameters/HCCB_P418_END_TO_END_RUN_CN.md,6467,5e44433dfbaea6f844dcfb74b4ca0c966ea39b8dfe4ee54983ce425fd8b5ae9a,False,True
physical_and_model_inputs,parameters/HCCB_P418_FULLY_COUPLED_STEP_PLAN_CN.md,8704,39c7cb24051c7a56f22ec0863b0c18591a43a3b7fd267baa6ef4d51e065a67ae,False,True
physical_and_model_inputs,parameters/HCCB_P418_LOSS_BALANCING_CN.md,6787,bb20054cf77e0eca182c223cfa00eece8f0dbcc7d637ad7058b58d8a158e9bdf,False,True
physical_and_model_inputs,parameters/HCCB_P418_MODEL_COMPARISON_PROTOCOL_CN.md,2295,c436afabc3609e7cf6c912da17e09dc66c85d22fb6a3528b905c561a00b3396f,False,True
physical_and_model_inputs,parameters/HCCB_P418_MODEL_DATA_PIPELINE_CN.md,4820,610be27d71638c19574a305c381b9e661f9a47663fa6de710c54d3bd84b1e0dd,False,True
physical_and_model_inputs,parameters/HCCB_P418_MODEL_SETTINGS_CN.md,1666,d9eb9b2a5ee3aa7de3e5be87d8f14968dddcab0f09a662580f243fa01bed5cc0,False,True
physical_and_model_inputs,parameters/HCCB_P418_PARAMETER_AND_MODEL_SOURCES_CN.md,17211,e1519df12d9a67f4669793d62a88ef66ba68267a766489201904a1e698cd3b6a,False,True
physical_and_model_inputs,parameters/HCCB_P418_PARAMETER_EVIDENCE_CN.md,13263,4bad0fa06ef25691ea792f38020320a92329b550aec44c010250489757dc3342,False,True
physical_and_model_inputs,parameters/HCCB_P418_TRANSIENT_SMALL_SAMPLE_CN.md,2667,9631d59b35114c51183a9fc3f6bf9d21e9379ce73b29a8204982e81fccb6603b,False,True
physical_and_model_inputs,parameters/hccb_p418_ai_architecture_sources.json,53384,e9301d12f54fe3f785f74914acaf2b25b716398a828783fd4b7a18336bceb3cf,True,True
physical_and_model_inputs,parameters/hccb_p418_completed_pair_step_smoke.json,1079,1fe52b2dd68ac515f2760879935ae9e0674c98e50a23807b90a1c379838b185b,False,True
physical_and_model_inputs,parameters/hccb_p418_cross_packing_model_protocol.json,2991,0f9032db0d1f8b1d0145382aaf86acb4c66643f9f39d4dad5166ebb7610a4180,False,True
physical_and_model_inputs,parameters/hccb_p418_cross_packing_plan.json,5863,2a0cc9b88bffb94ba33d84b06d375010b14db01ca9452dce2abee48a2853e562,False,True
physical_and_model_inputs,parameters/hccb_p418_cross_packing_screening_matrix.csv,1528,27cd498249b3c847dbf9b35ab0628fbc880ad8c1d0760e7afffe9d920f24e248,False,True
physical_and_model_inputs,parameters/hccb_p418_equation_input_map.csv,8432,37411fc83f8cba8222015319653d3ef2656a16612ee8c47530409a62c4bad5c4,True,True
physical_and_model_inputs,parameters/hccb_p418_equation_input_map_CN.md,3708,5abdf37c687d4ff7eaf29d185de100b06e57568dabe0f27617d8c7b64af4ffe9,False,True
physical_and_model_inputs,parameters/hccb_p418_experimental_data_schema.json,6774,ae9aef846391850bc20b104ad9086131799ce96c1c5989370b3bef8ab61cf757,False,True
physical_and_model_inputs,parameters/hccb_p418_experimental_observable_matrix.csv,5384,f56895fa665b3e6d315ba184a333b213804515c105ac7a8bb86010057ef7b35e,False,True
physical_and_model_inputs,parameters/hccb_p418_experimental_observation_sources.json,5444,67a32e9715bd5e9b6e02af725d3da1fb2bbe64fdd288e04ac351fb49b1a30faf,False,True
physical_and_model_inputs,parameters/hccb_p418_external_heat_validation_sources.csv,6809,d2326f7e32c73a7e289de1f39ff30d9fec63d64b558d610641eea97535d23fc2,False,True
physical_and_model_inputs,parameters/hccb_p418_factorized_spatiotemporal_operator_CN.md,3581,ed937b9fc3401cfc38453996831fce9f19ff8a72751045bcac4e20fe43355cfc,False,True
physical_and_model_inputs,parameters/hccb_p418_fixed_flow_loss_balancing_candidates.json,3565,6d0bde2af08b58f1848aa7a644ffb2f2170fcf9ba55bd2b17f3795db774be6fb,False,True
physical_and_model_inputs,parameters/hccb_p418_full_domain_reference_contract.yaml,2946,0820b85fc16da5de3cf2536dddb84fd82ab0611371ac554418aafca16db6284a,False,True
physical_and_model_inputs,parameters/hccb_p418_fully_coupled_step_plan.json,9695,5981bf85e5ec387ef6a237aa1330fffe15d749527de7740d5ce099239a19b807,False,True
physical_and_model_inputs,parameters/hccb_p418_fully_coupled_timestep_sensitivity.json,2480,6e899562933a77d930a60b5c554a7be7480bfc1f787d1aaedd969ce570f1cf28,False,True
physical_and_model_inputs,parameters/hccb_p418_fully_coupled_transient_data_schema.json,2352,a48a4ccaf5bbf849dba15d95ef96cc2d20d85791454973f370b806984b918332,False,True
physical_and_model_inputs,parameters/hccb_p418_fused_model_contract.json,13438,503a35e6a1e25bdf2a8914966c73ff47cb6a56030b9543ebd33c536ea47d9b8b,False,True
physical_and_model_inputs,parameters/hccb_p418_high_re_independent_fully_coupled_step_plan.json,4241,2de99fb76db32356abcab985c445f4e47ebf5b98c9e566cc007b1feceed36b71,False,True
physical_and_model_inputs,parameters/hccb_p418_high_re_independent_step_plan.json,4643,7e658055f9a87adc9358111e981bc23666ddc2797c81ebc1354181ce509f509a,False,True
physical_and_model_inputs,parameters/hccb_p418_learning_curve_splits.json,23486,86b926f298f446907712472af8b34cf4e787652ed2edf3a96570d455428cf8ba,False,True
physical_and_model_inputs,parameters/hccb_p418_li4sio4_transition_characterization.json,1979,d57dfdef468696d315ae05ac33cb8845292bba2ed5f5e7bd2223365a1da45be4,False,True
physical_and_model_inputs,parameters/hccb_p418_local_transport_model_contract.json,5215,5beb097465f533d2c3fb8a78fab730e98c0461681315edf17b22a7fd0f6fe9c0,False,True
physical_and_model_inputs,parameters/hccb_p418_loss_balancing_sources.json,4650,54494728353b9aa5e22e6121bcc45190339952f3838f3640ae2991aab97916b8,False,True
physical_and_model_inputs,parameters/hccb_p418_matched_initial_coupling_candidate.json,1680,6e0470613b326718026afb3a2ece53bc9542953fe2aad75920414bd71a2bba1c,False,True
physical_and_model_inputs,parameters/hccb_p418_mgnt_temporal_pino_contract.yaml,4447,65aaf5950c3e1cd74fc588d5a165e4f6746a24e0b9447310d7f53554cb0d7af1,False,True
physical_and_model_inputs,parameters/hccb_p418_model_comparison_protocol.json,8871,877308b461dc9be68f30c22df57bf2867d784a0921196b06047789d4b6be575f,False,True
physical_and_model_inputs,parameters/hccb_p418_model_data_pipeline.json,2478,bf4a22f42d6feb408a13bc774d52a357c8b7c2f359cde3de4d2407ce278ccdbe,False,True
physical_and_model_inputs,parameters/hccb_p418_model_numerical_settings.csv,22662,590cc9f6e3b97b5ecf286f0ef4187a8053cccc1dbfd5a95d3ca633769840cb09,True,True
physical_and_model_inputs,parameters/hccb_p418_model_numerical_settings_CN.md,2382,f1c12cae84fb6190ed6913a8b7da1f524e30e79f3986e18a38455a92905bcaf1,False,True
physical_and_model_inputs,parameters/hccb_p418_model_splits.json,24607,fefd84b40df2e48b501bb58ba31ff6f07e3c7ec85b765f8e0d41c49f754856e3,True,True
physical_and_model_inputs,parameters/hccb_p418_native_reconstruction_sources.csv,702,7c3d4c28336bb6be5143254327526ee1ab794080687f212709fa0daf14d0d5ab,False,True
physical_and_model_inputs,parameters/hccb_p418_physical_parameter_evidence_files.csv,13942,753c40d9ab17278ef53e68a1c0d57b308a54919da8725b9ef8c52c96a4359b1a,False,True
physical_and_model_inputs,parameters/hccb_p418_physical_parameter_sources.csv,11071,f7eaac7cd971132afa1cabebbd63df03eb86bf588ab23b144498900a35724b61,True,True
physical_and_model_inputs,parameters/hccb_p418_physical_parameter_sources_CN.md,8566,89b666cd69b39705fd88a00d5e43fc1b3ecf819cd84c39d3fb174b47943ade12,False,True
physical_and_model_inputs,parameters/hccb_p418_seed303_contact_gap_repair_candidate.json,2657,72210a86993f9753fb08776878de7d0e74fd7a999067155a28e5611ecb0d242a,False,True
physical_and_model_inputs,parameters/hccb_p418_steady_loss_weight_sensitivity.csv,1205,cf070630a5b3593d7c141641c255f3245f1cb96dfa83dcfd7d9f8933b79819b5,False,True
physical_and_model_inputs,parameters/hccb_p418_step_response_splits.json,2373,d4c5786eba1c292c65e6fd9cd79926b9b92ceac8002a175241211fbd4bfe2dbc,False,True
physical_and_model_inputs,parameters/hccb_p418_thermal_step_timestep_sensitivity.json,2400,3bdee64b6c4f62b920fc06fdd41dffd75c61827ff51c6b91021aec6b0492d90f,False,True
physical_and_model_inputs,parameters/hccb_p418_transient_learning_curve_splits.json,2788,f9d977e456b7b48983e647e449f92eaaf4f0b1dd50c0a4ecf6e780e609fc928c,False,True
physical_and_model_inputs,parameters/hccb_p418_transient_model_comparison_CN.md,14142,e5fe385ab96e2cd822f177f1ac1d8a3d0323b896ebd3153123bb8021e0a28eaf,False,True
physical_and_model_inputs,parameters/hccb_p418_transient_step_plan.json,6163,061369d436e3d4151add2a83e2f3bcba952fbffffeca79472662c9469f1e9fa2,True,True
physical_and_model_inputs,parameters/literature_parameter_manifest.csv,216246,571ac63a5626d887d82cb27ee962d735ea0c9bfbd41f4c3340fb44dd8dee1a11,True,True
reproducibility,reproducibility/README.md,8734,c61c51c04bfb2819500074b1acfdb0c0971e1ee30cdfce03216f6efd4e02b2db,True,True
reproducibility,reproducibility/README_CN.md,5688,174e7cae4a2cd91bc611e23f670159f005c8d31bb05296594dcb1799b6199b11,True,True
reproducibility,reproducibility/formal_training_sources/train_hccb_p418_regional_dmdc_20260729.py,17415,0431ec73172ee5fd6d4591f7f08a8672ff989ef01ab122a662f8d338ac0a22fd,True,True
reproducibility,reproducibility/p418_environment.json,806,4d8691215feb8bf0395397762f62f5a75735e0628cd15823fb2bdf73c56a3798,True,True
reproducibility,reproducibility/repository_release_metadata_draft.json,2029,ec4751481af7625cbd26736aee76e81d5f9af14cea0f0b08ea2c9fc762d1c238,True,True
reproducibility,requirements-p418.txt,375,63eae65d6dfafeab8a6847befa7a15a7c39f14bc5f48a71ce6eaef163a098cd6,True,True
small_processed_results,results/hccb_p418_60_sourceflow_r3_model_geometry/model_geometry.npz,2862685,daa60a0c3e5bdf0f33e2895cba0e842fcce4f9cbb9d6c48dc217d3afa32bb07e,True,True
small_processed_results,results/hccb_p418_60_steady_seed_robustness_100epoch/README_CN.md,1754,caa7488462bc7751bc25e2e170e627055882d85e538d01bb44fe23855c9f69fa,True,True
small_processed_results,results/hccb_p418_60_steady_seed_robustness_100epoch/steady_seed_metrics.csv,2707,01f162515d5ab2647bde52128c3d10b53857b44b8c60ee3531679f80a1bb9a33,True,True
small_processed_results,results/hccb_p418_60_steady_seed_robustness_100epoch/steady_seed_summary.csv,3025,41a6d9a12d36a05b7f665295069b349961de96f1213bf66258e204304c404e1d,True,True
small_processed_results,results/hccb_p418_60_steady_seed_robustness_100epoch/summary.json,9352,3963430f3f58bfb1dbfb02ea01f375b3c1a26c62b1c88a280c464b12b425bb50,True,True
small_processed_results,results/hccb_p418_actual_spatiotemporal_operator_37time_gpu_data_only/regional_sequence_geometry.npz,14104166,364e0b1703cf391a0a16990741c9ebd5cf117c93f6660d22c36cc504fcc0d847,True,True
small_processed_results,results/hccb_p418_diffusion_observation_scope/summary.json,1739,949903c2ce8754d210db3104e515411bde6a8b20a95754feb2b25e2a728795b5,True,True
small_processed_results,results/hccb_p418_diffusion_physical_state/summary.json,1878,bed5eac47ff4415fe5d2866b90576c271776fd927054daf5fab6dea52375bbe5,True,True
small_processed_results,results/hccb_p418_fixed_flow_runtime_recovery_checks/summary.json,2649,4c405ce94fe3727717365e05f69125d80b049bd0b4ee1cbeeb3d405b58630b74,True,True
small_processed_results,results/hccb_p418_public_data_release_preflight/README.md,2855,c7820d62267bf66be67037af03a4cb25d9a842078484ae583344c4d4992505ee,True,True
small_processed_results,results/hccb_p418_public_data_release_preflight/formal_training_manifest_public.json,107583,4be49063addaa39cb87be6da19937195e61ff9e96731e068820f897d1850b490,True,True
small_processed_results,results/hccb_p418_public_data_release_preflight/summary.json,5673,0d6b1056eae1b730e6a7c4ca065d79e84559d8b58251490b6165768f8019aca7,True,True
small_processed_results,results/hccb_p418_public_figure_data/README.md,1009,a38acf528cd8948f71d208cc95bb0bfd0164fde23cec892e56d989ddf5bc242d,True,True
small_processed_results,results/hccb_p418_public_figure_data/direct_transport_scope_limit.json,1411,4df44994d6e7568b978768d3fdb2d9f5365c23e87a04a66110f43ae0b08c0f22,True,True
small_processed_results,results/hccb_p418_public_figure_data/physical_response_60.csv,22419,0acc947894b949664ad777d5aa646b774afbf6e67ea9aabc5d00475c13abbfa7,True,True
small_processed_results,results/hccb_p418_public_figure_data/seed202_integral_comparison_9.csv,4038,7e07355761b9c5a9b26ea81d7bb2f5678e29483321eee7b173e1a9a9b460fdc8,True,True
small_processed_results,results/hccb_p418_public_figure_data/seed202_integral_summary.json,1699,23b46b463ebc3e3d2bdbc5b7aac2328a6e75e9307e299970222c77da2c1f8b1b,True,True
small_processed_results,results/hccb_p418_public_figure_data/steady_model_comparison_5x5.csv,22145,e0ed99ebaa2cdddb69d4aa95500122517c68bcaa9858b737ad4d3b11f3086bac,True,True
small_processed_results,results/hccb_p418_public_figure_data/summary.json,1523,dc7beba7b74064ce80927bf44f9d1135987842789a6745c8cc91f3f1b67d10ca,True,True
small_processed_results,results/hccb_p418_reference_metadata_cache/10.1007_s41365-025-01806-0.json,24729,0e3c23ffd58390165561d8885be56124a47bfcb18a666ecd6d2208133aee5360,False,True
small_processed_results,results/hccb_p418_reference_metadata_cache/10.1016_S0040-6031_96_02996-6.json,9315,5d5d587769b50f1fcff70232a2a91c48afab6c5d7cb5ba24ebb27566cffa7d77,False,True
small_processed_results,results/hccb_p418_reference_metadata_cache/10.1016_j.applthermaleng.2024.123114.json,20604,23652c667b79e34355297ae549fba435eb338dcc47e49b706a3034137e968674,False,True
small_processed_results,results/hccb_p418_reference_metadata_cache/10.1016_j.cma.2025.117914.json,28380,87f9ac4ff1876c6d44d8ee2a08731d7c1f622ea005a957d8cfa4142bc00556e7,False,True
small_processed_results,results/hccb_p418_reference_metadata_cache/10.1016_j.egyai.2024.100425.json,32383,a37f8e8a732d607febbf3c7f889a0d44f05597676989a7425dc159d7b31051ed,False,True
small_processed_results,results/hccb_p418_reference_metadata_cache/10.1016_j.eng.2024.07.002.json,26470,6c431b78fdd8ccd22e16c8a9af35df51e3298b74b12c1d0fdcab35f2d280f7e7,False,True
small_processed_results,results/hccb_p418_reference_metadata_cache/10.1016_j.fusengdes.2017.08.002.json,25772,80506523a50fb3109c21cf60ab6acb1325a2fc8117cd84fc5471cbafe2f01fb7,False,True
small_processed_results,results/hccb_p418_reference_metadata_cache/10.1016_j.fusengdes.2018.01.013.json,18108,45c16eee56d7d5e6c6aa5aad1182d6aca16795a2294791ebcb63126bfb2e7d05,False,True
small_processed_results,results/hccb_p418_reference_metadata_cache/10.1016_j.fusengdes.2018.02.088.json,20192,fc272e673afc1322c61e39a57689e79bbbd297f089ab2d04243df3fc690cd31c,False,True
small_processed_results,results/hccb_p418_reference_metadata_cache/10.1016_j.fusengdes.2020.111707.json,20087,3cde7f63545937690ce168ed7ce748c8b1f71a5364acef055cad6bf6815aeb21,False,True
small_processed_results,results/hccb_p418_reference_metadata_cache/10.1016_j.fusengdes.2020.111767.json,28062,dcf1511b6865924201d6db77a739a7af68b1413c0196f503060bb0b6ec1c289b,False,True
small_processed_results,results/hccb_p418_reference_metadata_cache/10.1016_j.fusengdes.2020.111848.json,17981,c5349de289b8695145f03959785e17660974a124aaaa716a362083d97d1d326b,False,True
small_processed_results,results/hccb_p418_reference_metadata_cache/10.1016_j.fusengdes.2021.112564.json,16593,84505a0799d7a337037e13d48801a71c45d300cb076ff4f20bde73114326690a,False,True
small_processed_results,results/hccb_p418_reference_metadata_cache/10.1016_j.fusengdes.2024.114434.json,22278,596b078bdc5b80da2503c3f162386768b08603fbc085dfceabc4d38849ebbe10,False,True
small_processed_results,results/hccb_p418_reference_metadata_cache/10.1016_j.icheatmasstransfer.2026.111898.json,30077,6b9342e2c15c5ead5912c860a5cb89932d844ddd8eb328dc3212d5619ea4decf,False,True
small_processed_results,results/hccb_p418_reference_metadata_cache/10.1016_j.ijheatmasstransfer.2013.08.053.json,10842,2c8f48fa2b2881d3d7183294e178ec7c59ed17cbc47992eede236889c6bb4f5d,False,True
small_processed_results,results/hccb_p418_reference_metadata_cache/10.1016_j.ijheatmasstransfer.2016.02.037.json,17098,1b50fd7e09b89f8331ac58831cf434eeac6bba56dfd4fba1228e219d86cd60be,False,True
small_processed_results,results/hccb_p418_reference_metadata_cache/10.1016_j.ijheatmasstransfer.2017.03.048.json,22145,73cac5e5313227b67d7a564dc3e47d020836603575e634b1b845748ada8d3a51,False,True
small_processed_results,results/hccb_p418_reference_metadata_cache/10.1016_j.ijheatmasstransfer.2023.124325.json,25033,be8ea33ec07034c3c9dc9d3a79d8b0bee006a15649b82bfa73abe922497e9119,False,True
small_processed_results,results/hccb_p418_reference_metadata_cache/10.1016_j.ijheatmasstransfer.2024.126257.json,24328,5fd27956d36d432c16d47a9c3e8ba60c1743dcc7b51b865c6855a1c02668013f,False,True
small_processed_results,results/hccb_p418_reference_metadata_cache/10.1016_j.ijheatmasstransfer.2025.126970.json,27152,a3856804b02d64774224e9cf059e730aa8f72b7e79df082b6497746f93ce5418,False,True
small_processed_results,results/hccb_p418_reference_metadata_cache/10.1016_j.ijheatmasstransfer.2025.127040.json,30979,a526f9d6c756c51a7cf8f0c73b5d7bc65c4157b28b90a89fc2a9c8a5e44598b6,False,True
small_processed_results,results/hccb_p418_reference_metadata_cache/10.1016_j.ijheatmasstransfer.2025.127098.json,21206,48315915decdf17584a0944a1e76ae67b7ec34ea76592decdc4a597aba5d0da0,False,True
small_processed_results,results/hccb_p418_reference_metadata_cache/10.1016_j.ijheatmasstransfer.2025.127515.json,28923,daa01fa178314ec9a87ec6e778d9007a011be2dc911a57768ab6a8d93ba207bf,False,True
small_processed_results,results/hccb_p418_reference_metadata_cache/10.1016_j.ijheatmasstransfer.2026.128806.json,26994,b18a4f11e0c2cbae706409b1277451d2ef94d60589a672a2324759bc5a29f374,False,True
small_processed_results,results/hccb_p418_reference_metadata_cache/10.1016_j.jcp.2018.10.045.json,19842,b28e4583a5ae0228390421c593469426cc4bf4cd556df07360ee6774a81f1ecf,False,True
small_processed_results,results/hccb_p418_reference_metadata_cache/10.1016_j.jnucmat.2019.03.002.json,11963,5ec00e01f1d15348313c06900e5cb421d3972985e1ff4887648886029e53702e,False,True
small_processed_results,results/hccb_p418_reference_metadata_cache/10.1016_j.net.2021.01.013.json,20617,4cc546f8683790efdbab7a687852bb17bbb5b2923b674f75911592614e7de801,False,True
small_processed_results,results/hccb_p418_reference_metadata_cache/10.1090_qam_910462.json,12602,899e44ba9186eeab7a9eb9cfba2260724f6a680bc16fa6618cdd1e81d402be52,False,True
small_processed_results,results/hccb_p418_reference_metadata_cache/10.1115_1.2960953.json,7471,7a7268eeb7b471a46ded8e3a6a449010a3270e15fd029b810e20279b31681e78,False,True
small_processed_results,results/hccb_p418_reference_metadata_cache/10.1137_15M1013857.json,9687,0d46dcc30d9e409a4bb35274287617eb275e87248fcf684a1c21e673c20dd165,False,True
small_processed_results,results/hccb_p418_reference_metadata_cache/10.1145_3648506.json,22199,27652d014e8694a3e5ade9444e05516419e611ce4e0282f7d58a842f07b0776e,False,True
small_processed_results,results/hccb_p418_reference_metadata_cache/10.2514_6.1989-366.json,6634,21ae728df40a22593913d1b2137051d310ec178a5d988231a4e1ea4492263202,False,True
small_processed_results,results/hccb_p418_reference_metadata_cache/10.3303_CET24114068.json,789,5c9375e282c37432e42258710374a8bc56ccd605b0f74016764cc093f765e135,False,True
small_processed_results,results/hccb_p418_reference_metadata_cache/10.3390_en17061309.json,23859,60f5caddfdcb7d7e282329d02847890626f655c8999c92617a21fa7e9f69f93f,False,True
small_processed_results,results/hccb_p418_reference_metadata_cache/10.3390_jne4010002.json,10778,f252be68f0ba411bbce507a85dfa10925b048f28e6b2970e1b81ead8e2f9e92c,False,True
small_processed_results,results/hccb_p418_reference_metadata_cache/10.48550_arXiv.2508.18051.json,2425,0d35672724e5b04cbb987ed9e5ea0da85b4c99635e8af3b535698e95b8d517e1,False,True
small_processed_results,results/hccb_p418_reference_metadata_cache/10.48550_arXiv.2601.23177.json,2282,432ea9e27d1e651923effcbba60ffab1ce91ca8851478d4e6c2759cd833c47ec,False,True
small_processed_results,results/hccb_p418_reference_metadata_cache/10.48550_arXiv.2605.01542.json,2597,c3b5c4ad798e8d026803883413f000ba5085e3c1a5daaf7459eeab1a9d3e521d,False,True
small_processed_results,results/hccb_p418_reference_metadata_cache/10.52202_075280-2946.json,2890,21a3cd578b7399961fa4fbcefb4a0da1c7938f4739f23324218cb011e595423d,False,True
small_processed_results,results/hccb_p418_reference_metadata_cache/10.52202_085713-5018.json,3551,1c2bbdb53a369196bca3457a610f88faa1162c1f752949e1b3595a534f94e749,False,True
small_processed_results,results/hccb_p418_reference_metadata_cache/10.5445_IR_1000070791.json,8561,ee6dce0387c842c39f8e5953011706f8014d4c17fd44a054695b9915649d03a1,False,True
small_processed_results,results/hccb_p418_reference_metadata_check_20260812/REFERENCE_METADATA_CHECK.md,1863,1a9f07a1e4d8fc640af6b18f820302e694c275516717eb930bfa726dd37390c5,True,True
small_processed_results,results/hccb_p418_reference_metadata_check_20260812/doi_metadata_comparison.csv,12750,bdfc6fc814664fdc8074b409db94db772d43160932b2d4925080ab2108af1346,True,True
small_processed_results,results/hccb_p418_reference_metadata_check_20260812/summary.json,41938,ca6d9adde615ac09b00b6162b0af0eef94dddabfff2fe68287aa713c50b95de2,True,True
small_processed_results,results/hccb_p418_three_mesh_cht_sensitivity/engineering_observables.csv,1554,af9c6f2697345a87e9d7fa2642d22615d16ce1f2e83fb00499ca3c17133845dd,True,True
small_processed_results,results/hccb_p418_three_mesh_cht_sensitivity/mesh_gci.csv,1109,9c42e564ed862530cf5476e242ce33d0e4ac26ca1c05c339f7e470497da01bf2,True,True
small_processed_results,results/hccb_p418_three_mesh_cht_sensitivity/summary.json,7375,8944934cdd01157dcaf31835d9e0d9ecc44c3191f4f552a24bda4fbde007fe26,True,True
project_entry,runs/hccb_dense_snappy_g2_nativezone_r2/geometry/packing_crop.npz,5109,8a6fd3e8c7883b972acd3b8aa02ed6a9f89c155ea20303eff242d4ca60709f70,True,True
programs,scripts/reproduce_p418_paper.sh,2762,641ed45a21e45afe580b5385205f02e656d9d834220804ab2686f7ac420a0310,True,True
programs,scripts/test_p418_public_package.sh,1122,58fbf1a05c58ca8ac1078361f649b2e60c9146a6dfce114633364dac1d88df62,True,True
programs,solver_extensions/hccbHeliumTransport/Make/files,70,8ec896effe1db076c35d3c1bf4d5999abaf0f66bfe6d4249ec23a29710604bed,False,True
programs,solver_extensions/hccbHeliumTransport/Make/options,487,60f02bfd81230aac13f5864e551eab164541c77f61b67d150986af3e729c29d4,False,True
programs,solver_extensions/hccbHeliumTransport/README_CN.md,1000,00853e9dd790637ff3b7c9a2a69fb8a3e8022d87b54e95c31220c0c7094590b2,False,True
programs,solver_extensions/hccbHeliumTransport/check/Make/files,79,4e87610a25451797217f1bbb6c93d6623915c11c9095398213e67baea88f4d70,False,True
programs,solver_extensions/hccbHeliumTransport/check/Make/options,441,295599d8bc0271b2edf05147d8e0779159af69919432d0af34b9049915f7a6fe,False,True
programs,solver_extensions/hccbHeliumTransport/check/hccbHeliumTransportCheck.C,1297,c39ce07688c7f8ab7f45e27dfb02f91fc0bfdf636398a9d2a8b1efaf86cfbe84,False,True
programs,solver_extensions/hccbHeliumTransport/hccbHeliumThermos.C,568,3e018ce477ca98d109c71efcb75121b305772c11fcb5c5a98529802e1a143a11,False,True
programs,solver_extensions/hccbHeliumTransport/hccbHeliumTransport.C,2939,5e8d5d9cef4b077f6da33edb03c2e3b9af26a6c02fc8908ccb450b7df57fbb7b,False,True
programs,solver_extensions/hccbHeliumTransport/hccbHeliumTransport.H,3008,4390149432257b2239b97cc1de096fa1796368f30c6edc19cd18f0acc41269e7,False,True
programs,solver_extensions/hccbHeliumTransport/hccbHeliumTransportI.H,7750,c38dedfa6ffb70f6cb9a8961987c3d5959a41e0ab09b9c25ed75de849538a1b0,False,True
programs,solver_extensions/hccbHeliumTransport/physicalProperties.example,1115,1bea1d9c0b9ccfd96cf9f9b24bfaf880af015d922f1e92203b333936772e484c,False,True
project_entry,submission/CRediT_author_statement.md,454,ffc3c102b78539d3674fff55bd6106d31f85ecff1a45b3e45cfd1ccfc0104527,False,True
project_entry,submission/IJHMT_UPLOAD_ORDER_CN.md,902,79f02c983d395e4728b73c7a651b567647bc216e319f806c78afb6fe726ab3b2,False,True
project_entry,submission/README_CN.md,2152,6892528a8e2d0197a2a0a985f43d347261b991da7134e732f2b8a4f0baf86181,False,True
project_entry,submission/acknowledgements.md,423,00057a38a7221049dfe09425e42155910837235e77f4ee67df2356d4238fe0bf,False,True
project_entry,submission/cover_letter_IJHMT.md,2844,e750b3cd6c3e5a39ef400d755a6a021fdc530e7488cf5710072390d57ad5fd0c,True,True
project_entry,submission/cover_letter_IJHMT.pdf,72396,d25b255bfc9b5279da284cbd0eaa365bb8cb17d797f3b23d161e6880b20692fd,False,True
project_entry,submission/data_release_license_choice.json,441,8b104b93c43c3220275d0c7a42828ae5262e7fdc92426e4ebf0d0a1ceb50cac1,True,True
project_entry,submission/data_release_license_recommendation_CN.md,1424,0782d01fd42de40d91e70436bac56f646fedd0ccd70b54c445291ca04cf1ea8a,False,True
project_entry,submission/data_release_repository_record.json,469,26a77c98e2389538ea057419a65dc61ae8bd01a5e2b2e881843b8667ab939882,True,True
project_entry,submission/declaration_of_competing_interest.md,208,131a6f688d8db9e5398fe7300300ee66ebf7b89863bc0791b9fefebad586d7db,False,True
project_entry,submission/declaration_of_generative_ai_use.md,513,b467fd293ddbb8a7b33507852d50b7a1f124172baf9ef69e973a4eeaf9f8f13b,False,True
project_entry,submission/highlights.txt,371,a0fcef5051b51d05763d47bc4c00d0fc23f334d0dde549ffa29e901e554d8c2f,True,True
project_entry,submission/title_page.txt,454,100ab155e75efdf0496e674f77b0e0ddf34b6fadea8b42a39c97c2b540d672ec,False,True
tests,tests/test_analyze_hccb_p418_dimensionless_heat_transfer.py,7489,b811c4286b447b0600161545c59bf1a88b3dd7fd884caa677b19205579887fab,False,True
tests,tests/test_analyze_hccb_p418_fixed_flow_loss_scale.py,3415,030a44188373d6a83fee198a0afc4dc190184844ec72aa10f30ec000ebae542c,False,True
tests,tests/test_analyze_hccb_p418_high_re_step_responses.py,3063,eb9ee7f5fd1a29a130c5d6c6519cf8b1222ac197a1977a61067e64536376ab64,False,True
tests,tests/test_analyze_hccb_p418_observation_duration.py,1173,ecd270c6f729ef34ad51ffae1b22eb8d697f31e0b601b232776139be12c0bf71,False,True
tests,tests/test_analyze_hccb_p418_pressure_correlation.py,4563,a620006d3c341c4328a318e06148d404c9fee4e1f8a3fc0359515551ea5826e5,False,True
tests,tests/test_analyze_hccb_p418_step_split_coverage.py,2728,f09f40624d6114c19335c58d2d3bca15724ede1c57faf3f96db49e60dd08d95c,False,True
tests,tests/test_apply_hccb_p418_repository_doi.py,2777,7e205d838249e7b9a22b1bcf6881b4826310baa4dcf77a687dc9edfa8483d554,False,True
tests,tests/test_assemble_hccb_p418_corrected_steady_results.py,2883,97b8b5e179188a29dff0953343614f8d059b69a149cee605f64cb753e6d7b53b,False,True
tests,tests/test_assess_hccb_p418_training_convergence.py,5553,e22c9c3e3ddf1965b4d1adcb9693416dffe4a197331c9d46c0b5c775a5aae0d6,False,True
tests,tests/test_build_hccb_p418_chain_split_manifest.py,1324,558e9196a5d3b634efc6c8a80d7ad26fe46ba198fa5fa3be8556e946ffb07693,False,True
tests,tests/test_build_hccb_p418_chinese_reader.py,8434,3f669383895c604978a8a331dbe63304ed8973036a8356dc127edf079bee9d1d,False,True
tests,tests/test_build_hccb_p418_cloud_case_manifest.py,1994,22b7944bf91ba00ef43f084e3eb41c16842955b74b7c3168fe117fd6c603d5ba,False,True
tests,tests/test_build_hccb_p418_cloud_submission_manifest.py,2913,f0667175226b59db6fc4d9badf700eb71aef0091d74f9f0e580583b50243d224,False,True
tests,tests/test_build_hccb_p418_completed_boundary_heat_summary.py,4384,a72548120abd20977ee81bfdb45beffab5170e17d65b425b57d96a8c29edcc3e,False,True
tests,tests/test_build_hccb_p418_completed_smoke_splits.py,3648,30f62a183b86e9d001080e173909fec94a9b7aa167885a775f5034f35e3bd324,False,True
tests,tests/test_build_hccb_p418_cover_letter_pdf.py,948,a0946a5dd11fa7dd60450d5a74e8d3f0ebba987a0098cacaeecf67b2736918a8,False,True
tests,tests/test_build_hccb_p418_cross_packing_model_sources.py,4531,0bfe493b36b00c9747c619b75e3d6f1fd7ab9268283d38f5ae24f8eccadc5ee3,False,True
tests,tests/test_build_hccb_p418_cross_packing_plan.py,3664,41d0ccae9e2b5bb761836b517332700641ffcf182892523d58148b9c2c81e86d,False,True
tests,tests/test_build_hccb_p418_cross_packing_result_text.py,4403,003f38493d8a6218e4e7272949b8d67881a600df03eb2faf2d88ced4d27cdfd6,False,True
tests,tests/test_build_hccb_p418_data_split_table.py,2742,73a1b1665b842a8742c46e5697c212c82bbd21000bab71152e5b8b558d350c84,False,True
tests,tests/test_build_hccb_p418_direct_transport_representative_plan.py,2693,67e4553b8a4fa7ac416c5efe36208626bb6ea8decaf1c6f25f5d902d474e26f2,False,True
tests,tests/test_build_hccb_p418_epoch_followup_plan.py,1718,f716829b4380a48230acfcd9685730e46828350a13026047d58999649f9ecc10,False,True
tests,tests/test_build_hccb_p418_factorial_table.py,3705,15bc698666a829ab161045f187075370e2195f0102629e75c62acef118aa5862,False,True
tests,tests/test_build_hccb_p418_final_narrative.py,26080,9ee6f4925ff35c45feccf4a622952c5d98ec601c85afed8acf9d169a1baabe4b,False,True
tests,tests/test_build_hccb_p418_final_uncertainty_summary.py,10129,36d21754635f063dffaa150df8bf1bff633d49a37025f647b27ac31c7bb84060,False,True
tests,tests/test_build_hccb_p418_fixed_step_runtime_patch.py,2415,9499c3cc74523fa52a5e4aa28c5925333e444e3eb5778728b34032f3aac3b78a,False,True
tests,tests/test_build_hccb_p418_fixed_vs_fully_coupled_manuscript.py,5075,a9a6669c4f1a51f25b4a6e699d9479ee7e731adff000bb52dab4a93cf89c4ec6,False,True
tests,tests/test_build_hccb_p418_formal_fixed_step_cloud_package.py,3000,51765b396d600416d924762ca473ee8e3ed0cdb4ca371ea1ba00e153ef411a3b,False,True
tests,tests/test_build_hccb_p418_formal_training_job_manifest.py,6479,433eee454f5937b62a489cbfd576005bcac112f11898d17d8360b3ed487b7a90,False,True
tests,tests/test_build_hccb_p418_fused_chain_table.py,4630,8354bcfb8a8e10ebed12d83702fd8e132410fe683302789fb7410389c8089cd6,False,True
tests,tests/test_build_hccb_p418_high_re_reference_table.py,1314,192736a3d30bd8dca2120753a452cab2e21a6cf315c4bf95ed32b288671d8145,False,True
tests,tests/test_build_hccb_p418_inlet_dimensionless_envelope.py,2724,dea3d00858b03907ed9bf5724517208475d9c42420b73cffb0c32921d46045b8,False,True
tests,tests/test_build_hccb_p418_learning_curve_splits.py,2209,c3a7a4582bb3bdb86bef1b64cad5bc7d64d1b8add856e97273b950deb97a7b5b,False,True
tests,tests/test_build_hccb_p418_local_transport_model_support.py,2100,046ffdab6274e6a9463c052bcb0d45f5709aec13dbfc49a48a63e5b22ca66dad,False,True
tests,tests/test_build_hccb_p418_manuscript_model_table.py,1660,1f3f524fbf75b4791a0d2a7da2f0a3da3c76c43ca20a1ef2f9e516a36c2ce6e4,False,True
tests,tests/test_build_hccb_p418_manuscript_values.py,8466,319b0c0dee121983d73d55609223ecc26eb4dc9230964a5f62d656957be68302,False,True
tests,tests/test_build_hccb_p418_matched_initial_direct_transport_package.py,3249,6990d5fd389353f52a01d107cb0898487d23acd23f6fb55e3d978f3444bbd59b,False,True
tests,tests/test_build_hccb_p418_mesh_sensitivity_table.py,2673,96500beb85e7294040a5dda6e14e072b4391dcc208ea7b6e31e86ae312da9f4f,False,True
tests,tests/test_build_hccb_p418_native_cell_model_table.py,2410,b213455761572c10f9f73a5b402c5c83b7512f174289f9c1f5eaebb5c2f58924,False,True
tests,tests/test_build_hccb_p418_parameter_use_summary.py,1257,bfc587273142677aeca26c5810c224ec3c7a4c9e32edd9aeda118dda06b1f71e,False,True
tests,tests/test_build_hccb_p418_partial_cross_packing_text.py,2950,d608cd61a7b310d0490638b665289e31084d55aeeac36924bb390b1e0fb0d652,False,True
tests,tests/test_build_hccb_p418_provisional_strict_model_table.py,2311,517e3346b034ed788700ff0e712ff8e73f5142a31d510f19c1d7ba9fcd877280,False,True
tests,tests/test_build_hccb_p418_public_data_release.py,6252,454143527f3c7353cfde49173ba5e4d332ae0438eaee0fa13f0c8feb2552c438,False,True
tests,tests/test_build_hccb_p418_public_figure_data.py,2862,c30f142eb32765bffed9b0868fb6ee9f0fc79b5e85ef5b0ecc0782c3bc773528,False,True
tests,tests/test_build_hccb_p418_public_scope_record.py,1257,c851748ab53b218b2c7bb294db2d75386438c6c11c2ed17fb8b6436dbba0f9da,False,True
tests,tests/test_build_hccb_p418_public_training_manifest.py,5006,1ccfc9c1bceaa32fa3eabf0a93179842312172da268b8cc85c835fea2ceebb8a,False,True
tests,tests/test_build_hccb_p418_regional_energy_flux_targets.py,3465,dd2adfbc9cf2ce1cf748db3e39b3da0b44c4414956a29438efdbb7b041d04515,False,True
tests,tests/test_build_hccb_p418_regional_fidelity_text.py,3880,719de31dc7196da0306a0f72f27ee39c5aedb021b1d59a6e849d996963edf769,False,True
tests,tests/test_build_hccb_p418_regional_model_table.py,6529,ca418a7ebf2537362b29b53be997afd96b6e8f6d341ec0292f5a4e135435dcd3,False,True
tests,tests/test_build_hccb_p418_reproducibility_manifest.py,10076,31efbb998011208acaaa3cb3cfe3ad1628fd05c14f08331e64ce99b4552ecbf4,False,True
tests,tests/test_build_hccb_p418_same_source_correlation_text.py,4424,cf6a235533129d73a01718ddb3e83f600de1b871d0e603ddbef111716091cec8,False,True
tests,tests/test_build_hccb_p418_scope_limit_text.py,1855,ca4080ab2d8739640a9bd2e5c659142c86d412485a062b702e8bf372653310ab,False,True
tests,tests/test_build_hccb_p418_seed202_complete_status.py,2563,56916933ae1b5c8560ae7e27a9adfeca8833be912c9a38a670823e906c23f1f2,False,True
tests,tests/test_build_hccb_p418_selected_timestep_plan.py,6829,9dc774c97571c898d081029e012a82483135433d850ec8b9d9179c519eda3921,False,True
tests,tests/test_build_hccb_p418_source_summary.py,7469,6f7a92b7f21748aa036e415ce886916958bc2350d42180384bd19528c066d4ac,False,True
tests,tests/test_build_hccb_p418_steady_performance_table.py,4412,760321a9aa95c55526121e0c134833f936777e80357636e18081528e97142fca,False,True
tests,tests/test_build_hccb_p418_steady_result_text.py,6257,a90d6e3b3aee670f3cf6e9d120ae8673dbb585672bf2f1e8b354a508b305435c,False,True
tests,tests/test_build_hccb_p418_supplement_inputs.py,1974,cae0fb0327d114b88ad0e7507ecd813a711fd16bc4e1e9603b649ac7ad23cb8a,False,True
tests,tests/test_build_hccb_p418_timestep_table.py,1947,f27802f1d00e4d502071a724e044c1d63d2ccef0b2bf7c5b097dfa606839aa91,False,True
tests,tests/test_build_hccb_p418_transient_cost_table.py,2436,4873648142807a3494a85eea38da75bcbe7d0ec7207ea62215f9130d73c795c5,False,True
tests,tests/test_build_hccb_p418_transient_performance_table.py,5184,cd01de48393d48c2ff4ccab1df85520a6c1f6110a9b5062fd1eb47c3687de7ea,False,True
tests,tests/test_build_hccb_p418_transient_result_text.py,12066,f90aad2af9d758a1ac9e5f70d4683ce1f9db003d361ea0e41f662d6300bdf4bf,False,True
tests,tests/test_build_hccb_p418_unbounded_output_diagnostic.py,4368,a89a400aa7e634ea1b507db36ae9d20a84e1bce69f3ebb1b49948abb4d3de17b,False,True
tests,tests/test_capture_hccb_p418_runtime_environment.py,706,616e2ab854dc7e1a81779419e9f35d91b6e2aac67abee7794f1ab53a14639b29,False,True
tests,tests/test_check_hccb_p418_bounded_training_summaries.py,2824,efc8d76ec7fc581bcb376f9e9f392a292e0c69d2ed646324b6f82fc2536d790e,False,True
tests,tests/test_check_hccb_p418_final_figure_outputs.py,10636,3e93991d27881442a29fdcab4cf6339bbd6bb9b0dccbdbe893c80ff71ab51d49,False,True
tests,tests/test_check_hccb_p418_final_scientific_requirements.py,13018,cb86b8aaf2b7c186c32bbf6776a98f6bdae1b6ccb52baa8c3b2efd2173bb0613,False,True
tests,tests/test_check_hccb_p418_formal_training_manifest_readiness.py,3963,ce701174286d61ad39f6ad98a3bbd1f79ba8ef833e99eca4567cf7abd2ea4bda,False,True
tests,tests/test_check_hccb_p418_ijhmt_submission.py,10427,50f7d6b99acf4c8e2181cb159d6d5908dcdcd177ee81fafd4447f76c6177489a,False,True
tests,tests/test_check_hccb_p418_local_transport_model_sensitivity.py,2068,f4a47fcb58e9a57aa9d695b5ec1ea8f348be5757c4f11b0791918dcc994031ca,False,True
tests,tests/test_check_hccb_p418_parallel_time_fields.py,1394,fc7937672a57b2d98b70da5b069c3da2b16ba4286d0c0cfcda0a39d65afb9af6,False,True
tests,tests/test_check_hccb_p418_real_physics_device_equivalence.py,943,695ade0989a9bdab17a5ddd75072b485534b176be6a2ce68c49d4c1bf9f5d975,False,True
tests,tests/test_check_hccb_p418_research_route_completeness.py,1485,f0eeafe996899cad812b6f50fc1d0f907551f707fd7b03092e8161fcef030b5b,False,True
tests,tests/test_collect_hccb_p418_formal_fixed_step_results.py,2589,307e9b21353b027151a036c0a9af2a3fa85fc3ef2c414e26301d64f0d069b837,False,True
tests,tests/test_compare_hccb_p418_cloud_reference.py,3231,042804f24a1f0cda274f515c9dae0248d5979f6ea868137e493af7e44dcf9d26,False,True
tests,tests/test_compare_hccb_p418_epoch_followup.py,2890,fdacc3f52039895352acf91f73b9415f0bd60df9df5ab14ffb547cadf1849ffa,False,True
tests,tests/test_compare_hccb_p418_matched_initial_short_responses.py,2313,538ecb2a3c6538fdcb3afb1485723f88b036a714992eec107c877a62dc453cd6,False,True
tests,tests/test_compare_hccb_p418_model_to_experiment.py,13709,6fbfd0af7402a5498fda4bd22c5d614b921be15f3ac0e79c751332bebf81d15a,False,True
tests,tests/test_compare_hccb_p418_native_reconstruction.py,2675,5cd8274838a9947682b1674f0a05757aecea17f07982544bc9fee51bfc0b29a8,False,True
tests,tests/test_compare_hccb_p418_parallel_partitions.py,4572,402dfc44051492e3ab2546b4e6c1794ad1eb5c4ffc0ee21d75c386e058a17cfd,False,True
tests,tests/test_compare_hccb_p418_preflight_formal_case.py,2359,a89bb9c5b5dcd7ba5f43e0e5abcab3098d903549b6a7a426b8af967a346c612c,False,True
tests,tests/test_compare_hccb_p418_published_scale.py,2377,230cbb881499f855559cfd942063d1b8fa99f862f7ea3de3a1ba2a2069d2d0b4,False,True
tests,tests/test_compare_hccb_p418_training_extension.py,2725,18593864ec2679a183af6bb8d6dc80eb99f5750d1400c510ecb7e7be59e933d7,False,True
tests,tests/test_estimate_hccb_p418_training_wall_time.py,3255,b2b5c5b4daed60a6424321eb5704499be265fea7912f6485ad4bd14391c00071,False,True
tests,tests/test_estimate_hccb_p418_transient_training_wall_time.py,3946,a9862ef745e3b8c9fd60c0c6cd7d00aa0ca41f4c36d66e4981a86991136abaed,False,True
tests,tests/test_evaluate_hccb_p418_chained_diffusion.py,3152,f26bf84a1551a751b336c7c3afd65bd2468a0d4cc083ba3d767968753cd89168,False,True
tests,tests/test_evaluate_hccb_p418_chained_initial_state.py,12840,0b0699416bcf6ad3e1ec815064b504db4ed00b7792dd23a33710a941593e6104,False,True
tests,tests/test_evaluate_hccb_p418_native_cell_prediction.py,6123,ea295e4ed0b5abd6a5bf8a0920eaff31d19a2d24683b2923eed3c5f9dd741153,False,True
tests,tests/test_evaluate_hccb_p418_persistence_baseline.py,4551,e6ad569c2c5a5aab359afa888505639e12b4bc3a26ffe7e5d725cc5cc3833292,False,True
tests,tests/test_evaluate_hccb_p418_temporal_energy_balance.py,4490,0f6a8389f20845a5c588094798d845190ed1551719c9aa6d915a0aefa82e0cdb,False,True
tests,tests/test_execute_hccb_p418_formal_training_manifest.py,4900,0b95676f884a3b4ab335491dfdd2fe2a990f0a7dfe180cbebdc67da8bff2e043,False,True
tests,tests/test_export_hccb_p418_boundary_heat_flux_targets.py,1412,ccdd29837bafc198666fba2ca790269357327f7725cd6475308763b4284e80fb,False,True
tests,tests/test_export_hccb_p418_experimental_comparison_targets.py,3213,6042bf8d8f32a72cc009a6f9f155684768d657dae01b37aa762146676c3aaae6,False,True
tests,tests/test_export_hccb_p418_matched_initial_short_observables.py,3815,0eccfe31fd29b84380335ae6af973c4e37d0885900719833303b8620ecaf478c,False,True
tests,tests/test_extract_hccb_p418_fixed_flow_short_reference.py,2207,8e2170385772129bb011a6a4a3d1f21b03273c22bf04beab31ead10b06383c03,False,True
tests,tests/test_finalize_hccb_p418_cross_packing_preprocess.py,4229,8d910f76da98490ed7c3478ec22abf514c946c03f9ed90328ea5f2be20204630,False,True
tests,tests/test_finalize_hccb_p418_recovered_steady_case.py,746,93e78cabf1e5690e9c144228cd4b8334cd2793104b25f9ad3ed6dcf0b3fac66e,False,True
tests,tests/test_handoff_hccb_p418_training_manifest.py,2127,ecad62455f8c4ef27245afacda7a0d868680d4be6a0e75d0acfcb06c040f5686,False,True
tests,tests/test_hccb_p418_60_diffusion_runner.py,957,53a41b485b7fe220029e53a6a2a1baa67b3274b537093c37e1f7a9cf2d312c5c,False,True
tests,tests/test_hccb_p418_60_model_comparison_runner.py,4931,8997b3a185d74f02d0d0074513e1fe724589a04326426b784db115c000d1199a,False,True
tests,tests/test_hccb_p418_60_postprocess_runner.py,2116,e79f8f7a927194b3e2785b9af7a8737fcd11750d1dda8e5a6ff266e23afff25d,False,True
tests,tests/test_hccb_p418_60_transient_runner.py,1456,069e156720b83b9524df47a9dabf15d8622b7e3d83bb9b4a27a5a66f03d0211f,False,True
tests,tests/test_hccb_p418_ai_architecture_sources.py,11815,ad27b78d5b2e8423a792702fb41c49b0142ec3185692dc75f8d85b02064329a3,False,True
tests,tests/test_hccb_p418_case_parameter_labels.py,2239,36150df2bc4a1028e64cd57f021fc515816aaa157c62f7a9dc6cf930de342590,False,True
tests,tests/test_hccb_p418_cfl_pressure_domain_extension.py,2705,182667e8ebce7c27639944e98513a1d64aa37ac3a96ce443f24c00358aa3c69f,False,True
tests,tests/test_hccb_p418_chinese_preview_consistency.py,1496,2fc49c587de21ce4ce96f7d0fb64c9175ae9cac962e17f3e6312eb30a1a2d592,False,True
tests,tests/test_hccb_p418_comparison_contract.py,14105,3ad2d84d02c93eed770713999112651a4b0d6f490338c1a5a1d28af41e353099,False,True
tests,tests/test_hccb_p418_conservative_mixed_operator.py,12274,8dbeba6295abcd17825a429fb608c70981ceccf6381cc65a75cd5935aebd8b1a,False,True
tests,tests/test_hccb_p418_continuation_watch.py,1247,18658cd3824c27b469049e81e922cc26e8d91dfe351c18099c4521358e1ec665,False,True
tests,tests/test_hccb_p418_coordinate_pinn.py,2977,d2014117a27051dbcb979e2cebfd96d4e528cb549e2f019d0d472cc4f743e4b6,False,True
tests,tests/test_hccb_p418_cpu_code_package.py,5200,f086c31b2823ccf391a54008679529258c2aab87469df9978b866a589eadce6a,False,True
tests,tests/test_hccb_p418_cross_packing_conservative_operator.py,12801,59ac342fad6ba0489c1b8aaa16518ee75eae00de45342e34b5849e8c0f7cacba,False,True
tests,tests/test_hccb_p418_cross_packing_matrix_runner.py,4771,98174885b82915fbfc0d171b8d48a45612d0f261855df88b57d127905b417d40,False,True
tests,tests/test_hccb_p418_cross_packing_mesh_cloud_package.py,4129,278f299faddcd1426f35493bb7a9407a1855ffc9602a32f7f100276ffc2d2466,False,True
tests,tests/test_hccb_p418_cross_packing_model_protocol.py,2692,0a6c1fb125d3f2c3c500bd94ff670fc37a577f084a791dbb43465ae4b1c289ad,False,True
tests,tests/test_hccb_p418_cross_packing_model_stage.py,2688,5cb74f7626b1cc57277f19641d9a2171c018b91e8094f41ed5c99337505fd539,False,True
tests,tests/test_hccb_p418_cross_packing_physical_metrics.py,1464,b6c5341a8face3cd73282ba66d1f1aaf853f1c041682596437714680ef243618,False,True
tests,tests/test_hccb_p418_cross_packing_postprocess.py,1829,ca1a7321dd11b643a044a299c5ded154b0fe7dc2462cd82e325c09626727e86f,False,True
tests,tests/test_hccb_p418_cross_packing_setup.py,2113,0a32d7ce82ed2f52a92295155b05cd76fce191d8ca300cafe7725b094b18d2be,False,True
tests,tests/test_hccb_p418_cross_packing_surface_preflight.py,2901,498df2c32d6326c9e7a98b86604823ad4e8847817cb4cbe8adda18270fa55e05,False,True
tests,tests/test_hccb_p418_current_data_model_contracts.py,4868,a256fd1d2e355d5e20e1de27ba50bddde825fab1ad1fa210bb6ddcc4b3075ce1,False,True
tests,tests/test_hccb_p418_diffusion_observation_scope.py,1330,03030278f68771f6ef4a47392629be936cfd702e25a02ecf29ebf06886fcfad3,False,True
tests,tests/test_hccb_p418_equation_input_map.py,2237,9bbb3237a2ce027b7702b02384b066ae94668feb8acf0d976fc047ec3462818c,False,True
tests,tests/test_hccb_p418_experimental_observable_matrix.py,2302,80c6ab82a8024ebcbd10baa6455fb84498b09c6faa703df3f229e1de5cc43a8a,False,True
tests,tests/test_hccb_p418_experimental_observation_sources.py,2307,0bbeaf46920f83ea0f5c3da32e0018e6f06b7e5f92769875808861fb5b349f85,False,True
tests,tests/test_hccb_p418_external_heat_validation_sources.py,2023,b5fb29a1d7fd11113ccd8d06c5e345e131da8465467d00784ed49931c43aee87,False,True
tests,tests/test_hccb_p418_fixed_flow_loss_balancing.py,5008,8433b4f0fc436bb99a44747528ea36b9384fa7f323908cc5e0d1c69a8a808327,False,True
tests,tests/test_hccb_p418_formal_calculations.py,4202,f9ab4ca1bc8e2371b7430323dfa82c6bade08e955fc419f0e28e7834c6138203,False,True
tests,tests/test_hccb_p418_frozen_independent_evaluation.py,15905,94d3a4a2302819ac951d186714b2fe17c9bb52468c521b55be07c3fb0dd6522c,False,True
tests,tests/test_hccb_p418_full_domain_reference.py,6330,e23a37fb0b21132e28a038a50985699c25329921092a119ebb3c68ccb347ee6f,False,True
tests,tests/test_hccb_p418_fully_coupled_dataset.py,3694,ed04258337b7b127fd03fa3f72cbf8c8e7ead9c9d0f430c7f2800ef9035e4d43,False,True
tests,tests/test_hccb_p418_fully_coupled_execution.py,7177,27c87e06b921736bd7138eaa45538b72b1081324c560160562e74af43b5bcd7f,False,True
tests,tests/test_hccb_p418_fully_coupled_operator.py,4727,622460e2940680c1fc77630646cb63cff97bcba8cadaaa4cae4ad553478ffc45,False,True
tests,tests/test_hccb_p418_fully_coupled_step_plan.py,4675,745cc8fa495641fece7a7d6c95c0ce0d9fb07fe7ddbca2cebf42e6512b9f8677,False,True
tests,tests/test_hccb_p418_fully_coupled_trainer.py,10277,7dab2ddf951eaae4fc6fcd5702dcab066fd7e1ccd2be20805eb63959bb990a88,False,True
tests,tests/test_hccb_p418_fully_coupled_transient_physics.py,18252,099594b47487e7c4a4a1cc79b562312a251388c3bc6134d860485c20a5a2e7b8,False,True
tests,tests/test_hccb_p418_fused_model_contract.py,1910,258ab003c87a1fdeac1a28c09d87574b73b729899db9e5aa2311109cbad1b6bc,False,True
tests,tests/test_hccb_p418_gpu_training_ready.py,343,4df7649d6c16769cb32da0858f73d485c758be658260e1991db35b130df30797,False,True
tests,tests/test_hccb_p418_heat_mechanism_scope.py,1207,c7da1c1bdfe69ec440e93377276df40b8296b99d24170513ff8b8580802c2d64,False,True
tests,tests/test_hccb_p418_helium_property_sources.py,2814,c67c55d267e000de775b70c7e6801d4afae3f0e833d33d727ba35a812021e233,False,True
tests,tests/test_hccb_p418_high_re_independent_plan.py,2160,cabb1f446d0869e1d1133e1024be7bdb28a665de8e7a11f9fe471d7e0257c04c,False,True
tests,tests/test_hccb_p418_high_re_model_comparison.py,9105,b910f70d0e992aa9a6640cf98fd210de74bc394a8f711657f3dab35df3756217,False,True
tests,tests/test_hccb_p418_li4sio4_transition_characterization.py,1964,8b9e0beb6c266963e97c52c52b3d8cc7165b741d49b2aa967b8b83ad7aa49bb5,False,True
tests,tests/test_hccb_p418_loss_balancing.py,4595,7806f8b4ff792b3a99585a655c11a8f5cd95c964cb9feca557fdd8b3a6552adf,False,True
tests,tests/test_hccb_p418_main_figure_captions.py,2650,c0442e093662146c56246d6b97844eec61f6275d810419486b7cc14402c5cca8,False,True
tests,tests/test_hccb_p418_make_targets.py,1647,a91fa5173c0963a1da705eb2c13c7edb892242328e096ece2c32bdd353e99201,False,True
tests,tests/test_hccb_p418_manuscript_refresh.py,8713,0b6ec18d43cad182956a2b7db27f7c87ef9291e800b40b3981ba226bd63fd825,False,True
tests,tests/test_hccb_p418_manuscript_scientific_scope.py,4465,72abac53699136562afe9976b048f53042fe7cb59180ddac2d3550c637a30f56,False,True
tests,tests/test_hccb_p418_matrix.py,1804,6e2674da106f667363122315d5ddbe2270b06347a3cffc11a318033c40094bdd,False,True
tests,tests/test_hccb_p418_matrix_mesh_volume.py,891,c754f55cba33ab68cda8beccb66b07e79ac05f469a396e0b5a18e5a722fc2c87,False,True
tests,tests/test_hccb_p418_matrix_parameter_sources.py,2923,6d7953831b8d09d45006737a6667e618c81ee58d0c126321e244025358196146,False,True
tests,tests/test_hccb_p418_matrix_resume.py,3185,d89e4198708393770a9055ea8874fb8dcad610abdfd1641a3b38a7aa6fbd60dd,False,True
tests,tests/test_hccb_p418_mesh_sensitivity_runner.py,1579,e42444f63ac907c7e32634300bb204d4e30f7f50c5c28822f6fe9723f7188d4c,False,True
tests,tests/test_hccb_p418_mixed_endpoint_model_smoke_runner.py,1023,318645bcd061fa6e443996b1b4a97bb65b69fcc7edc7bf6740bf89887e766229,False,True
tests,tests/test_hccb_p418_model_comparison_protocol.py,1355,877965d4746ce41b63f2ae286720c7f66577a0ce4bfe8a1167dcaef17a6559e0,False,True
tests,tests/test_hccb_p418_model_geometry.py,3613,1d73a8bdd84ae0b4dea69f93002fd5df41bdd74a9c5763a59852d90fb2b541aa,False,True
tests,tests/test_hccb_p418_model_numerical_settings.py,7238,a71ccfa54514dcccae86fb503ba69eeab6bf757108fd1cdf6304b4a8309086ae,False,True
tests,tests/test_hccb_p418_model_splits.py,1403,8f509435043e21929f712c269af7e2c7c1672734ec92a7547a49c1ef59521db8,False,True
tests,tests/test_hccb_p418_openfoam13_batch_package.py,7116,e21f8febab45c4a46097351139496682b93ccee27e771be03a32f8cd76989739,False,True
tests,tests/test_hccb_p418_openfoam13_cloud_package.py,5504,87a9cce47e5f30110864b31a46d398682f1606e6797d9b633f96fe9348ad9b78,False,True
tests,tests/test_hccb_p418_parallel_runner.py,4114,512b0d86b9a286a2de9e2690da73bfa8a06f642eb8f5bc44b0ebb38fa1232f11,False,True
tests,tests/test_hccb_p418_parameter_evidence_files.py,1884,5ed1fe41e8eeeb285342fb10c2204a69219b303c8bb4403e3cac7f54537e77e4,False,True
tests,tests/test_hccb_p418_parametric_operator.py,5952,728c9f3f672eb2812c4fe83f07666b33219206b72bf51249c276c1c044dd0b0e,False,True
tests,tests/test_hccb_p418_physical_parameter_sources.py,1815,787d1f78f78bac6b305b000a2e7cebd06ff2a9a1924f50ef7a95a881ae27918c,False,True
tests,tests/test_hccb_p418_physical_step_transformer.py,6987,32bf51fe98b74816d1a87095d4c3e1f33c6874ff33ff84d67eb77aa18156a349,False,True
tests,tests/test_hccb_p418_plain_chinese_summary.py,913,cb37cc7b28ef7a42bc925622c6e91023aff772ebfd5c4bed121bc9b844f07795,False,True
tests,tests/test_hccb_p418_post_manifest_manuscript_finalization.py,1734,85e69640fca57e5665bd34cd0af21408970c76e95bf3d268140446c90e3f9320,False,True
tests,tests/test_hccb_p418_poststeady_pipeline.py,7690,2247cc632c9607e4480971ac66470fbd6a009547b9caaa9ed58ef1cfafc3dc09,False,True
tests,tests/test_hccb_p418_pressure_density_consistency.py,2331,fb806b5c41ae01f12adb43720de6378a3ab5f6f2ee086a03f5975789d6820873,False,True
tests,tests/test_hccb_p418_reference_metadata_check.py,1804,1770cbf35dc9ae5f7cb734b019dbf28b9dfb161fed32d8ced2b7b2819573318c,False,True
tests,tests/test_hccb_p418_regional_cht_adapter.py,3231,0068c9c0e4e85e1524b8703ca11f6506ebd143acf2e0fa58857930a17ba37f86,False,True
tests,tests/test_hccb_p418_regional_diffusion_refiner.py,2352,1f87b75b203c596bd0257fbc045cdf4ccc5b0041534b0279c4cf10dec872fc6a,False,True
tests,tests/test_hccb_p418_regional_dmdc.py,5946,4759a9816dc434764112f386f82a29f1b7bfe59b3b5b53f821a9622925c27b1c,False,True
tests,tests/test_hccb_p418_regional_mass_flux_targets.py,1466,51d7bc0ec252185166676269665aa453570b462fbf4650160512253c28469fa7,False,True
tests,tests/test_hccb_p418_regional_residual_geometry.py,1319,52a5fd9a73214762c99e5060c128b62b55413bc30196fb49ae105044e7ecd85c,False,True
tests,tests/test_hccb_p418_regional_response_surface.py,1714,19c6661cd961568a66ba0e16a43cb7366d2293ff7e2fce278f2d950851ee71ed,False,True
tests,tests/test_hccb_p418_regional_topology.py,3040,6c5ed9cc14d00c6056513e7dd87959135b79765dff16e03fe2414014af3aab91,False,True
tests,tests/test_hccb_p418_regional_training.py,6962,101f5bfcecfd684286053f7af9927415a8630d2e0e36e8e18d3d29ffe9beee2d,False,True
tests,tests/test_hccb_p418_repository_metadata_consistency.py,3961,0bcdf566b2fbeb142ebb163285cf8052afbf2f47c915a99139386da4998ac557,False,True
tests,tests/test_hccb_p418_result_source_map.py,6770,51615308b163469d01636ef657ed978956161d0550052b8f86e0500b8f674366,False,True
tests,tests/test_hccb_p418_runtime_progress.py,9284,aab89649665ccb28b0c189aa5c44ea72d8e3b58acdd3e3c11c4f38524256773b,False,True
tests,tests/test_hccb_p418_seed303_contact_gap_repair_package.py,4627,91116bea7596e489db9ec02acb5c81d4db424ca1a40d8fcacf5f6ae41b59360e,False,True
tests,tests/test_hccb_p418_selected_fixed_flow_chain.py,989,0af002f8f316e6a8a7356f3e56e9c0b651796b8f1e8bf04ef9c4b57bd267d16f,False,True
tests,tests/test_hccb_p418_source_contracts.py,5674,b85bbadf14b2fbdfab03826c22cad68821b36b62d3e22ccc1c6af6409e6c80dc,False,True
tests,tests/test_hccb_p418_source_flow_mapping.py,763,7097009102a2f1dc410d184c22b787edb1c759a387cd546bc0b1135f1b0aab4b,False,True
tests,tests/test_hccb_p418_sourceflow_continuation.py,2622,032c6007535ad2c61c737c06b898bd02518d4c32e8bf376d41659ef5caa6d4bd,False,True
tests,tests/test_hccb_p418_sourceflow_result_prefix.py,1290,3f09b21539a59614645271cbe7e07f2ca7601a0260997b2cb06aa1633cd7a3b8,False,True
tests,tests/test_hccb_p418_spatiotemporal_regional_operator.py,12332,59ad63050e4784faaf974ad76dd80e524ce648f1a0a22e8c67ea72d9ca5cf843,False,True
tests,tests/test_hccb_p418_steady_chain_source.py,5031,3ce79fc3ac29e988ce84eeae401c3e84c659c55a252aaf2b7ceed65cd7645426,False,True
tests,tests/test_hccb_p418_steady_end_time.py,3515,c9a9864cc3730d4132b2c201b6c00c70015731e9acac4bfc0707b5a048c4be38,False,True
tests,tests/test_hccb_p418_steady_epoch_followup_runner.py,1095,a4cde1f196673fdd1f36efe4c56b638fbc8b82f9f90a02f38ac421e4c33518b7,False,True
tests,tests/test_hccb_p418_steady_loss_weight_sensitivity.py,8069,2389f769365845b9ae21061c21585d425de0e5099298e230eec46d8f327709a1,False,True
tests,tests/test_hccb_p418_steady_microbatch.py,1326,11a05c0b9e82d3b07bca16d994e8a1b0ba37e233cc9b5cbbaed216c21b15ffee,False,True
tests,tests/test_hccb_p418_steady_seed_robustness.py,5427,1f541b0ff0196b3ff6a96db2e6c8856867498c9b14e1bea9c67a0abbfe6c4b93,False,True
tests,tests/test_hccb_p418_steady_summary_checks.py,11279,96a327caa567b556e47668e8d3224544905ba638567d533300fe739a980bdb8d,False,True
tests,tests/test_hccb_p418_step_model_comparison.py,37310,496e5527c403b5529c62f5ebf1193afb0801d2c6cad4bdd1d8f3f8b08613e80b,False,True
tests,tests/test_hccb_p418_step_regional_sequences.py,6646,22516a95a1ce1a079fc5d584a795860cbce052ba6b4c6a205d1ea47800b424fe,False,True
tests,tests/test_hccb_p418_step_response_cases.py,21282,10031fa606c19a88f2d98dbc5ba885c2637367ff4f96001d169ee1bb08c921fe,False,True
tests,tests/test_hccb_p418_step_seed_robustness.py,7222,57ed74ff2723c8008df6bafc0cb482de8c1051799f9aa9352e325b13efe2d490,False,True
tests,tests/test_hccb_p418_subface_residual_geometry.py,2634,ac99179568489511d35ae5cb236f331c5d5a2c6a55d1712cd7ad6f8fcfcdae7d,False,True
tests,tests/test_hccb_p418_temporal_temperature_diffusion.py,2814,d1c4711d073c78c838be0a3bf85eeb029dc22c7df3526fd4ae56ffed1c0ba0cc,False,True
tests,tests/test_hccb_p418_thermal_timestep_comparison.py,6167,648f3e3021e7bfc9396a81071e9105aa6031c988605bf658f77cfcc77196e2e1,False,True
tests,tests/test_hccb_p418_training_statistics.py,4712,b79aa2487089d69840b9dd8a798b9622021ab012a57df72f144b8357b2cd72f5,False,True
tests,tests/test_hccb_p418_transient_hotspot_metrics.py,2240,efbd10aac1d59b3fd7fd1545220d3d84339298872d5d71600cc8294259ec9cb6,False,True
tests,tests/test_hccb_p418_transient_observables.py,7148,48d4f315bfb52d3cbd0de2408fc53df8f8901da2ebf941c908fee40eabc8e53a,False,True
tests,tests/test_hccb_p418_transient_regional_physics.py,6074,5e1522f8b7c33ab68cb32229e1cf80d34b58fb67b52d90920a253fb15232412f,False,True
tests,tests/test_hccb_p418_transient_step_plan.py,2530,a35b3edcc7947f95a87c22a532d35d5bff02cc4a856c1a1382d3352b34ff6784,False,True
tests,tests/test_hccb_p418_transient_time_resolution.py,1483,a2d25015137a5db3eeb24241a8e9804c17a01f1c682e44afcdb66df0b6492f8d,False,True
tests,tests/test_hccb_p418_variable_mesh_operator.py,5837,304e9a0d0ae3821978a1b874c5b3ba924b65fa48bd808ef8b383b2ead81fb00a,False,True
tests,tests/test_hccb_p418_velocity_step_time_scales.py,4334,ef2cdb269abd91ef13de8322d3a6499ba0c982befa5ef74bf0921c42558ad0e5,False,True
tests,tests/test_import_hccb_p418_parallel_history.py,2804,8dba737010a33688c24b6def31a2757d76bdf5d38b2773b35d501fad2bc44666,False,True
tests,tests/test_merge_hccb_p418_prediction_splits.py,3468,0d216b96c0c6387533a569d222055c5f3377e33509fbdc46cbcdf90abca88ef7,False,True
tests,tests/test_package_hccb_p418_ijhmt_submission.py,8166,515d3578926beb800d10f1dcfc41a22b1fdf1cc9e3c66d9dc33c629512801faf,False,True
tests,tests/test_package_hccb_p418_processed_data_release.py,4549,f41422e152d7f6d7bbf1f4aafa58bf144ba5c19f109bff067fd701890b1b9a07,False,True
tests,tests/test_package_hccb_p418_reproducibility_source.py,4235,9270d86a7f0a4e01e284675829d5f26d6ef0fa86e904e6b88b1fa2526564463e,False,True
tests,tests/test_plan_hccb_p418_end_to_end_research.py,4449,00f4b964a964d681ab30577463c48fc0dba65e004dfd20b7797de4235e7bc46a,False,True
tests,tests/test_plot_hccb_p418_cross_packing_results.py,4693,d9ae202d91be72d45a9592cd707e9f878f51a054fce85e37b2983906db8a2502,False,True
tests,tests/test_plot_hccb_p418_field_cloud_comparison.py,11725,4e12f7f395b0694e64cb774e898553198663da516e4dc0a2a121d381a774cadd,False,True
tests,tests/test_plot_hccb_p418_graphical_abstract.py,2292,a7b2f7aaaf0bbe506528f2ce8f3f57ea07d97edb6e5577f16133f1002c5a3637,False,True
tests,tests/test_plot_hccb_p418_learning_curve.py,1821,06d814f5039aadde8c2b1a5bee6249c432b3e783741f6a8b3b0f723ad4923d9d,False,True
tests,tests/test_plot_hccb_p418_paper_workflow.py,1051,85d450356a9708641ca0478b97e1e7ae76fe53b07d65f9ba4345df8cb2e17b16,False,True
tests,tests/test_plot_hccb_p418_partial_physics_relations.py,2074,1e648463f8b79a76146e76901a531771657be14ef49010aedd1a5d1b6756b011,False,True
tests,tests/test_plot_hccb_p418_physical_response.py,2832,90b8671f7b7da6e7b4f96f946a351dd8f5b6a0c527d918a18b8542b95d65204c,False,True
tests,tests/test_plot_hccb_p418_seed202_integral_partial.py,2410,93a7c3bf0c46aa0d97f9ca8d65bc234ee98e91f4a824707a54ca7fa1f0c848ca,False,True
tests,tests/test_plot_hccb_p418_steady_engineering_comparison.py,2966,3a6f964c77c598d463d4aca117430c93efd5e05449259a379f3a5d50a9c24c93,False,True
tests,tests/test_plot_hccb_p418_steady_model_comparison.py,4448,f71d7328fd57adcd81eb857bfdf7d5ad2f337b7a56a9e7bf6a1e9279d2dfa59f,False,True
tests,tests/test_plot_hccb_p418_transient_model_comparison.py,23059,17f61e5792a2e58ca94335eb920c617e9782378dc8916a578b14f56dc05f300a,False,True
tests,tests/test_preflight_hccb_p418_formal_fixed_steps.py,1541,922ec85d8c781612b5def517adc6254b777d42fd6653838017de5cf331d0acf5,False,True
tests,tests/test_preflight_hccb_p418_fused_research.py,3188,e8e1b7ecb696e843e960bf6e411a3981e606803073fffb16e7b4d614e76f5f6c,False,True
tests,tests/test_prepare_hccb_p418_matched_initial_fully_coupled_candidate.py,3103,048f41b010c1405bd1cf8a1d1c01f713296d74553c7e56c414cb314b263f4380,False,True
tests,tests/test_prepare_hccb_p418_model_data.py,6174,1431dc45f2e9836ed47bd3b7f8f75a2a94fbd778089e07a0dfeab1069d6609ed,False,True
tests,tests/test_quantify_hccb_p418_regional_representation_fidelity.py,7423,4e65e9d4be6ec81c4e4aed2b794b074eb546afdf27f030856be3dc6ff0a27c16,False,True
tests,tests/test_rerun_hccb_p418_post_selection_outputs.py,1419,629498c7eea8ab11a7e6c6842fa8ceb36e83c4855b34642747022e365193b577,False,True
tests,tests/test_resume_hccb_p418_after_power_loss.py,848,3e574b62cbf4c758188a44cc0e686b5465e3f743e78b30b15c1e09e1b0750bf1,False,True
tests,tests/test_run_hccb_p418_corrected_steady_comparison.py,985,7d6235869706019ae47672458f9300fad31455055a763a4dae2419b016a729db,False,True
tests,tests/test_run_hccb_p418_corrected_steady_when_ready.py,1190,88b192a726195a3784c21718fdb46db8769175028b787dfa7d304185d8b15f45,False,True
tests,tests/test_run_hccb_p418_fixed_flow_loss_balancing_protocol.py,1831,1c49eb220da8217b3ce66f5416a9a8971aa9efd0a9a56d5d1ba8ceb1c935c633,False,True
tests,tests/test_run_hccb_p418_loss_balancing_protocol.py,1320,f8b21bc05d1fecb209cfe2fb7858f1c2619435e25dfb27d57511158cdcf338fc,False,True
tests,tests/test_run_hccb_p418_mixed_endpoint_smoke.py,803,5fc946628c705bc20b2bcfabac22c6a74cd26c7fa349c3796c0cfa39bf536705,False,True
tests,tests/test_run_hccb_p418_post_manifest_field_figure.py,1699,39f93f8f672bb321c640fb0bb4e8d6a87f20fc970cba986f2a35e9a0c7c5aea9,False,True
tests,tests/test_run_hccb_p418_post_manifest_graphical_abstract.py,716,d3b7309dc002d02b2ae8952f4b5cb9f1fcab7b6644dcbb02e42c799d709f2842,False,True
tests,tests/test_run_hccb_p418_post_manifest_transient_figure.py,1132,348b38d630c43ca1ffb166defe5af01b9130ba4c857e476bcd6aa96682ee0109,False,True
tests,tests/test_run_hccb_p418_remaining_validation_chain.py,1352,6a544b4d82327623abbab3ded8b2af47233e00d9320927801e3e53605c430dbd,False,True
tests,tests/test_run_hccb_p418_selected_loss_downstream.py,3098,3497dc803cd55981f25c8de041f3824c4caba2e5ef612698236ca8faa4ca680d,False,True
tests,tests/test_run_hccb_p418_steady_learning_curve.py,772,ff55fe4b154f9c94e5ce3f319ba2e2ac729c4a61e0c6dd02218da0af2e470a58,False,True
tests,tests/test_run_hccb_p418_transolver_seed_robustness_v2.py,1112,b61f4f5c603240a01d1a17758ea4e45fccb4da61ba3a84d6b2a130304d404784,False,True
tests,tests/test_select_hccb_p418_cross_packing_architecture.py,2749,de1763480d9e67073307a86952f430b7138807121e7a88b91fd31c1748d067c6,False,True
tests,tests/test_select_hccb_p418_field_figure_model.py,8855,798e30829902f3853de7f41ee24071a51a9edf09d6a29323503dc7df307e0992,False,True
tests,tests/test_select_hccb_p418_loss_balancing_method.py,6890,8d11cddad0c471904c7aafe11352f17049eda3495f0d84c6fb79642bb81f7b68,False,True
tests,tests/test_smoke_hccb_p418_actual_spatiotemporal_operator.py,634,117595cc95f48614d20fb54a20bca253ea72076253094d9b7cdeef07c094777a,False,True
tests,tests/test_smoke_hccb_p418_actual_temporal_diffusion_gpu.py,1063,6a5e3af53e86ffbede5ca46bbccb1503520f5ca44d150430cfb0bf665c0973f0,False,True
tests,tests/test_summarize_hccb_p418_boundary_features.py,2205,c419f995b6f972df7bccdf8b29a25da9d76e2483cd952833f60c9e5023b858bd,False,True
tests,tests/test_summarize_hccb_p418_completed_matrix_physics.py,17187,8ab2862e5d888e26448582d93e7810e57d162ccf05f297d5923b03cc753afeb9,False,True
tests,tests/test_summarize_hccb_p418_cpu_gpu_efficiency.py,2100,42e9b4e285d943418652219f65cc5cb4dedb4472ddda3b3a27632c7a17d69014,False,True
tests,tests/test_summarize_hccb_p418_cross_packing_geometry.py,5254,6a38c5de326edcc51b2fa8ae37839d1ce9b47c02e161d6bcf81a5452fb346868,False,True
tests,tests/test_summarize_hccb_p418_cross_packing_models.py,3369,a5f074a47a2d319f54528038588b2af42870c3b3028b92e978958efb9cb21f40,False,True
tests,tests/test_summarize_hccb_p418_engineering_metric_leaders.py,3140,af3ceb96a2aaa1fec524a37fc9fdbeffb6d9c38a9b33c4437ad9e3834328bc01,False,True
tests,tests/test_summarize_hccb_p418_fixed_flow_loss_scale.py,2705,37dbb6a644cd309f715119babcb097edcedbd7fb5c157f40aee901452927af92,False,True
tests,tests/test_summarize_hccb_p418_formal_steady_tail.py,4268,e0308d870b08e590f11357d771487cdc8359a412e81dff3066677ee85e901db5,False,True
tests,tests/test_summarize_hccb_p418_formal_steady_tails.py,3590,06864c12ecf40b384162ca72bd891c9eeb49378f294dc96056957c740ff83b92,False,True
tests,tests/test_summarize_hccb_p418_fused_chain.py,5511,e8d4e245b9acbf878a09888004b7b7d4e0e8b0faf525ef8a2f690cbdfe2a3502,False,True
tests,tests/test_summarize_hccb_p418_fv_loss_scales.py,4689,8e9e9a12d5181f2cb8f01be70aee68898ae3f181e0b2c2f36bea88aeeed9b501,False,True
tests,tests/test_summarize_hccb_p418_learning_curve_efficiency.py,4853,4ec756021660601c34591c442fb05eea8cce3a30c08b25aa59a8b5d0429f8ba4,False,True
tests,tests/test_summarize_hccb_p418_mesh_sensitivity.py,4163,c2dbf0d5fca014238a1289c547a7a8f8aa3cdd1fe9636b20f722804383340253,False,True
tests,tests/test_summarize_hccb_p418_native_cell_predictions.py,2949,b001d91d175aab77779eacbd67106b585b7d58f8a78b434f4ec7eec0d6e6e8fa,False,True
tests,tests/test_summarize_hccb_p418_regional_volume_distribution.py,706,7cc20c3970bcae85fe5018131518811ed416fc4429f129c289e10dcbf21d2409,False,True
tests,tests/test_summarize_hccb_p418_smoke_repeatability.py,665,6f2073ab2e2e897311dd82ff4ec1a54363508cd38067edd23975d88f5fe861e6,False,True
tests,tests/test_summarize_hccb_p418_spatiotemporal_efficiency.py,3313,3c52e931fe8218dac65aa1e63a38cdd201d4779ea2893483c8325a96bd6b21e2,False,True
tests,tests/test_summarize_hccb_p418_steady_hotspots.py,2623,63db65b9a37473bae071cc9f8eb436f3518b4018a109a612841b76ca47024b0d,False,True
tests,tests/test_summarize_hccb_p418_step_endpoint_readiness.py,3446,b9d7313e7bcd994c5e1316edfddc08e31da24e67facf3926af08791310f0f8e8,False,True
tests,tests/test_summarize_hccb_p418_thermal_regime_model_errors.py,4532,06c11df49d98cec17ea1a97e0c228e24cfa190233e04a3be83af9bce04934ff3,False,True
tests,tests/test_summarize_hccb_p418_thermal_regime_split_coverage.py,5306,051af8a12f3c42ca4e951502066cad33adf2db7ad610309836ac4b6dfd7ae43a,False,True
tests,tests/test_summarize_hccb_p418_training_data_coverage.py,10302,d62314de693d45566928d2e4c8dea09ec660f5292d4ee1f68e2d7f82943c498b,False,True
tests,tests/test_summarize_hccb_p418_transient_learning_curve.py,4370,653d6ba15a9c375dbeb7e8fc03ceb1f45e3ead6a746a178a2b68063b9cedb74b,False,True
tests,tests/test_summarize_hccb_p418_transition_temperature_coverage.py,5512,e5741a4c424acc00e6ed84a058feb83c7e40b084b9d4d6eaf833c5fe15d13b60,False,True
tests,tests/test_train_hccb_p418_low_rank_temperature_residual.py,6225,df8ec84282103edd3c88cb5a10304f3881da9106435f4c6af494b86f43d3eece,False,True
tests,tests/test_train_hccb_p418_spatiotemporal_regional_operator.py,24967,ef374241e14ff05a70034ac707512bf8a0e05864423bdfa1d155740cfd4fc3c2,False,True
tests,tests/test_train_hccb_p418_temporal_temperature_diffusion.py,25120,a1e28ceac4d005b91d3e31b9954b9b5f9e2b27d368e03ec7a4d4e2b63e609bc2,False,True
tests,tests/test_validate_hccb_p418_experimental_data.py,5657,87bb2935e5adc8e47ce51335e54ca4e1142b534ccd28cfd37445946c9357b4e6,False,True
tests,tests/test_validate_hccb_p418_helium_transport_check.py,1168,8c202848a84621ebd4f0e60e7c99589760907364ac2d93143868d6c26936552f,False,True
tests,tests/test_validate_hccb_p418_steady_comparison_inputs.py,6014,f61374e053e8a904aea1a516cd3a4b8a74a53f909b6584ae0058ffebe4abfd52,False,True
tests,tests/test_validate_hccb_p418_steady_dataset_ready.py,3042,7b85dc4a61bd94e5f8c8c3d103874eff9efd7504792ff30f471482f621d5b9a1,False,True
tests,tests/test_verify_hccb_p418_actual_case_inputs.py,2562,92f3e2e0085c00a9e1e274f0b20215e2850abab587d29bfe51ae969ee1b92b0d,False,True
tests,tests/test_verify_hccb_p418_actual_interface_coupling.py,2797,d0fea39d90629e536b27d1ddf6b8932ba0c62c8881c88238240f4b063ba37939,False,True
tests,tests/test_verify_hccb_p418_cross_packing_fixed_model.py,4616,7df83d5a783f52dedbb55ae6b971684174211283d5fff61cdae36adcea4f0a9a,False,True
tests,tests/test_verify_hccb_p418_end_to_end_model_interface.py,2678,8fc7c719440a83021f3d6c34396c810c372c7b127a99f2fd8b905f0cb69d62c4,False,True
tests,tests/test_verify_hccb_p418_ijhmt_submission_bundle.py,1935,3eb398f74b05f85b3e3f777df88df142b5fd84a95bdf4d6cbb3b1cd6da3c7b3a,False,True
tests,tests/test_verify_hccb_p418_mesh_fine_reference.py,3641,34cccba9d7e5661bd5dd0907a1bbb7e9d420006ed34800e9858319587d7b696d,False,True
tests,tests/test_verify_hccb_p418_model_settings.py,2032,1afb909476328dd2ff6df33bcfefa3b7ca7c5fdfe0317414e62923e71342e4cf,False,True
tests,tests/test_verify_hccb_p418_poststeady_completion.py,11644,8647012d2384ee971d939caf2797d6a02c2bb7c611b9498ba9368181dd18440a,False,True
tests,tests/test_verify_hccb_p418_relobralo_primary_sources.py,2132,f443a9da66d2690a7c4b5a351712c9c27f5a868946ce6abaa4a3d7b97aba4f50,False,True
tests,tests/test_verify_hccb_p418_seed202_terminal_status.py,1126,3ebf376bceecb305d79be2521dd4e1bb7d4164202311bfc14a1f5a2912e2ad41,False,True
tests,tests/test_verify_hccb_p418_steady_seed_repeatability.py,2808,4c7fdf6d79564827288a091a4197983f6f7a5c5b09be45aedaacfa70dbf50a3e,False,True
tests,tests/test_verify_hccb_p418_step_initialization.py,1601,fd5521fd50ae8d8a1f159801895a52ca7754d7a297bddb8d810ba874248180cb,False,True
tests,tests/test_verify_hccb_p418_three_mesh_recovery.py,5382,daf1ac5907bb09a998e664e0a6276c77a6d2291eac1d79672fc15527e7539a8b,False,True
tests,tests/test_verify_hccb_p418_transient_learning_curve.py,2523,164d7f385f337e663e7bd8f612bac287d949db08fe0276f9ea3c4103fe2fbc3f,False,True
tests,tests/test_verify_hccb_p418_transient_thermo_correspondence.py,1280,01c70b31dcffa968a2a2f994be51c2dd30a67d94c151eea04c59404a3cf78d69,False,True
tests,tests/test_watch_hccb_p418_partial_physics.py,1045,36844c13518884265453f67a8e30a38ec8aa210967bfe64e39167e9b3c7ecf92,False,True
