parameter_id,parameter_name,material_or_system,value,status,unit,source_title,source_url_or_doi,evidence_type,notes
P001,effective_thermal_conductivity_range,Li2TiO3 pebble bed,"0.83 to 0.96",extracted,W/m/K,Experimental measurements for the effective thermal conductivity of pebble beds with uncertainty analysis,https://www.sciencedirect.com/science/article/abs/pii/S0920379620302556,experimental,"Stagnant helium at atmospheric pressure; temperature increases from 20 to 400 degC; uncertainty around 5.5% at 95% confidence."
P002,effective_thermal_conductivity_range,Li4SiO4 pebble bed,"0.54 to 0.61",extracted,W/m/K,Experimental measurements for the effective thermal conductivity of pebble beds with uncertainty analysis,https://www.sciencedirect.com/science/article/abs/pii/S0920379620302556,experimental,"Stagnant helium at atmospheric pressure; temperature increases from 20 to 400 degC; uncertainty around 5.5% at 95% confidence."
P003,pebble_diameter_range,Li2TiO3 pebble bed,"0.95 to 1.60",extracted,mm,Experimental measurements for the effective thermal conductivity of pebble beds with uncertainty analysis,https://www.sciencedirect.com/science/article/abs/pii/S0920379620302556,experimental,"Table 1 property range for randomly selected pebbles."
P004,pebble_diameter_range,Li4SiO4 pebble bed,"1.05 to 2.15",extracted,mm,Experimental measurements for the effective thermal conductivity of pebble beds with uncertainty analysis,https://www.sciencedirect.com/science/article/abs/pii/S0920379620302556,experimental,"Table 1 property range for randomly selected pebbles."
P005,packing_factor,Li2TiO3 pebble bed,0.646,extracted,dimensionless,Experimental measurements for the effective thermal conductivity of pebble beds with uncertainty analysis,https://www.sciencedirect.com/science/article/abs/pii/S0920379620302556,experimental,"Original text reports 64.6% packing factor."
P006,packing_factor,Li4SiO4 pebble bed,0.642,extracted,dimensionless,Experimental measurements for the effective thermal conductivity of pebble beds with uncertainty analysis,https://www.sciencedirect.com/science/article/abs/pii/S0920379620302556,experimental,"Original text reports 64.2% packing factor."
P007,relative_density,Li2TiO3 pebbles,86,extracted,percent_TD,Experimental measurements for the effective thermal conductivity of pebble beds with uncertainty analysis,https://www.sciencedirect.com/science/article/abs/pii/S0920379620302556,experimental,"Table 1 relative density."
P008,relative_density,Li4SiO4 pebbles,88,extracted,percent_TD,Experimental measurements for the effective thermal conductivity of pebble beds with uncertainty analysis,https://www.sciencedirect.com/science/article/abs/pii/S0920379620302556,experimental,"Table 1 relative density."
P009,test_section_inner_diameter,hot-wire pebble-bed platform,63,extracted,mm,Experimental measurements for the effective thermal conductivity of pebble beds with uncertainty analysis,https://www.sciencedirect.com/science/article/abs/pii/S0920379620302556,experimental,"Inner diameter of cylindrical container."
P010,test_section_bed_length,hot-wire pebble-bed platform,300,extracted,mm,Experimental measurements for the effective thermal conductivity of pebble beds with uncertainty analysis,https://www.sciencedirect.com/science/article/abs/pii/S0920379620302556,experimental,"Length of the pebble bed in the test section."
P011,helium_loop_pressure_range,pebble-bed thermal-conductivity platform,"0.1 to 2",extracted,MPa,Experimental measurements for the effective thermal conductivity of pebble beds with uncertainty analysis,https://www.sciencedirect.com/science/article/abs/pii/S0920379620302556,experimental,"Helium loop design capability; actual Li2TiO3/Li4SiO4 result above is stagnant helium at atmospheric pressure."
P012,helium_loop_temperature_range,pebble-bed thermal-conductivity platform,"RT to 500",extracted,degC,Experimental measurements for the effective thermal conductivity of pebble beds with uncertainty analysis,https://www.sciencedirect.com/science/article/abs/pii/S0920379620302556,experimental,"Helium loop design capability."
P013,expanded_uncertainty_keff,Li2TiO3/Li4SiO4/glass pebble-bed hot-wire tests,5.5,extracted,percent,Experimental measurements for the effective thermal conductivity of pebble beds with uncertainty analysis,https://www.sciencedirect.com/science/article/abs/pii/S0920379620302556,experimental,"Around 5.5% at confidence level of 95%."
P014,li2tio3_hotwire_diameter,Li2TiO3 pebble bed,"1 ± 0.15",extracted,mm,Simultaneous measurement of effective thermal conductivity and effective thermal diffusivity of Li2TiO3 pebble bed using transient hot-wire technique,https://doi.org/10.1016/j.fusengdes.2021.112564,experimental,"Abstract/conclusion report about 1 mm pebbles with +/-0.15 mm diameter."
P015,li2tio3_hotwire_packing_fraction,Li2TiO3 pebble bed,0.63,extracted,dimensionless,Simultaneous measurement of effective thermal conductivity and effective thermal diffusivity of Li2TiO3 pebble bed using transient hot-wire technique,https://doi.org/10.1016/j.fusengdes.2021.112564,experimental,"Approximately 63% packing fraction."
P016,li2tio3_hotwire_temperature_range,Li2TiO3-He pebble bed,"45 to 800",extracted,degC,Simultaneous measurement of effective thermal conductivity and effective thermal diffusivity of Li2TiO3 pebble bed using transient hot-wire technique,https://doi.org/10.1016/j.fusengdes.2021.112564,experimental,"Applicable range for empirical k and alpha equations."
P017,li2tio3_hotwire_pressure_range,Li2TiO3-He pebble bed,"0.105 to 0.4",extracted,MPa,Simultaneous measurement of effective thermal conductivity and effective thermal diffusivity of Li2TiO3 pebble bed using transient hot-wire technique,https://doi.org/10.1016/j.fusengdes.2021.112564,experimental,"Stagnant helium gas environment."
P018,li2tio3_keff_polynomial_0105MPa,Li2TiO3-He pebble bed,"k=1.9879e-7*T_C^2 + 1.7859e-4*T_C + 0.9922",extracted,W/m/K,Simultaneous measurement of effective thermal conductivity and effective thermal diffusivity of Li2TiO3 pebble bed using transient hot-wire technique,https://doi.org/10.1016/j.fusengdes.2021.112564,experimental_fit,"T_C in degC; valid 45 to 800 degC; P=0.105 MPa."
P019,li2tio3_keff_polynomial_02MPa,Li2TiO3-He pebble bed,"k=9.6781e-8*T_C^2 + 2.7232e-4*T_C + 1.0192",extracted,W/m/K,Simultaneous measurement of effective thermal conductivity and effective thermal diffusivity of Li2TiO3 pebble bed using transient hot-wire technique,https://doi.org/10.1016/j.fusengdes.2021.112564,experimental_fit,"T_C in degC; valid 45 to 800 degC; P=0.2 MPa."
P020,li2tio3_keff_polynomial_03MPa,Li2TiO3-He pebble bed,"k=1.4332e-7*T_C^2 + 2.5651e-4*T_C + 1.0426",extracted,W/m/K,Simultaneous measurement of effective thermal conductivity and effective thermal diffusivity of Li2TiO3 pebble bed using transient hot-wire technique,https://doi.org/10.1016/j.fusengdes.2021.112564,experimental_fit,"T_C in degC; valid 45 to 800 degC; P=0.3 MPa."
P021,li2tio3_keff_polynomial_04MPa,Li2TiO3-He pebble bed,"k=1.7198e-7*T_C^2 + 2.6131e-4*T_C + 1.0603",extracted,W/m/K,Simultaneous measurement of effective thermal conductivity and effective thermal diffusivity of Li2TiO3 pebble bed using transient hot-wire technique,https://doi.org/10.1016/j.fusengdes.2021.112564,experimental_fit,"T_C in degC; valid 45 to 800 degC; P=0.4 MPa."
P022,li2tio3_alpha_polynomial_0105MPa,Li2TiO3-He pebble bed,"alpha=-1.314e-9*T_C^3 + 2.133e-6*T_C^2 - 0.001151*T_C + 0.6458",extracted,mm2/s,Simultaneous measurement of effective thermal conductivity and effective thermal diffusivity of Li2TiO3 pebble bed using transient hot-wire technique,https://doi.org/10.1016/j.fusengdes.2021.112564,experimental_fit,"T_C in degC; valid 45 to 800 degC; P=0.105 MPa."
P023,li2tio3_alpha_polynomial_02MPa,Li2TiO3-He pebble bed,"alpha=-1.014e-9*T_C^3 + 1.811e-6*T_C^2 - 0.001063*T_C + 0.6628",extracted,mm2/s,Simultaneous measurement of effective thermal conductivity and effective thermal diffusivity of Li2TiO3 pebble bed using transient hot-wire technique,https://doi.org/10.1016/j.fusengdes.2021.112564,experimental_fit,"T_C in degC; valid 45 to 800 degC; P=0.2 MPa."
P024,li2tio3_alpha_polynomial_03MPa,Li2TiO3-He pebble bed,"alpha=-9.441e-10*T_C^3 + 1.757e-6*T_C^2 - 0.001061*T_C + 0.6766",extracted,mm2/s,Simultaneous measurement of effective thermal conductivity and effective thermal diffusivity of Li2TiO3 pebble bed using transient hot-wire technique,https://doi.org/10.1016/j.fusengdes.2021.112564,experimental_fit,"T_C in degC; valid 45 to 800 degC; P=0.3 MPa."
P025,li2tio3_alpha_polynomial_04MPa,Li2TiO3-He pebble bed,"alpha=-7.862e-10*T_C^3 + 1.580e-6*T_C^2 - 0.001009*T_C + 0.6844",extracted,mm2/s,Simultaneous measurement of effective thermal conductivity and effective thermal diffusivity of Li2TiO3 pebble bed using transient hot-wire technique,https://doi.org/10.1016/j.fusengdes.2021.112564,experimental_fit,"T_C in degC; valid 45 to 800 degC; P=0.4 MPa."
P026,li2tio3_hotwire_k_uncertainty,Li2TiO3-He pebble bed,2,extracted,percent,Simultaneous measurement of effective thermal conductivity and effective thermal diffusivity of Li2TiO3 pebble bed using transient hot-wire technique,https://doi.org/10.1016/j.fusengdes.2021.112564,experimental,"Conclusion reports less than 2% uncertainty for k."
P027,li2tio3_hotwire_alpha_uncertainty,Li2TiO3-He pebble bed,8,extracted,percent,Simultaneous measurement of effective thermal conductivity and effective thermal diffusivity of Li2TiO3 pebble bed using transient hot-wire technique,https://doi.org/10.1016/j.fusengdes.2021.112564,experimental,"Conclusion reports less than 8% uncertainty for alpha."
P028,thin_bed_pebble_diameter,Li4SiO4 thin pebble bed,1,extracted,mm,Effect of packing structure on anisotropic effective thermal conductivity of thin ceramic pebble bed,https://doi.org/10.1016/j.net.2021.01.013,numerical_DEM,"DEM thin bed uses 1 mm Li4SiO4 particles."
P029,thin_bed_thickness_range,Li4SiO4 thin pebble bed,"10 to 40",extracted,mm,Effect of packing structure on anisotropic effective thermal conductivity of thin ceramic pebble bed,https://doi.org/10.1016/j.net.2021.01.013,numerical_DEM,"Y-direction thickness varies from 10 to 40 mm; X and Z lengths are 10 mm."
P030,thin_bed_gas_pressure,Li4SiO4 thin pebble bed,1,extracted,bar,Effect of packing structure on anisotropic effective thermal conductivity of thin ceramic pebble bed,https://doi.org/10.1016/j.net.2021.01.013,numerical_DEM,"Study selects 1 bar purge gas pressure."
P031,thin_bed_design_temperature_window,tritium breeder pebble bed,"450 to 900",extracted,degC,Effect of packing structure on anisotropic effective thermal conductivity of thin ceramic pebble bed,https://doi.org/10.1016/j.net.2021.01.013,design_reference,"Authors cite helium-cooled solid breeder blanket design criteria."
P032,li4sio4_average_keff_H10,Li4SiO4 thin pebble bed,"0.808,0.868,0.922,0.969,1.013,1.054",extracted,W/m/K,Effect of packing structure on anisotropic effective thermal conductivity of thin ceramic pebble bed,https://doi.org/10.1016/j.net.2021.01.013,numerical_DEM,"Average keff at T=100,200,300,400,500,600 degC for H=10 mm."
P033,li4sio4_average_keff_H20,Li4SiO4 thin pebble bed,"0.860,0.924,0.980,1.031,1.076,1.118",extracted,W/m/K,Effect of packing structure on anisotropic effective thermal conductivity of thin ceramic pebble bed,https://doi.org/10.1016/j.net.2021.01.013,numerical_DEM,"Average keff at T=100,200,300,400,500,600 degC for H=20 mm."
P034,li4sio4_average_keff_H30,Li4SiO4 thin pebble bed,"0.876,0.943,0.998,1.05,1.1,1.14",extracted,W/m/K,Effect of packing structure on anisotropic effective thermal conductivity of thin ceramic pebble bed,https://doi.org/10.1016/j.net.2021.01.013,numerical_DEM,"Average keff at T=100,200,300,400,500,600 degC for H=30 mm."
P035,li4sio4_average_keff_H40,Li4SiO4 thin pebble bed,"0.888,0.954,1.012,1.065,1.112,1.156",extracted,W/m/K,Effect of packing structure on anisotropic effective thermal conductivity of thin ceramic pebble bed,https://doi.org/10.1016/j.net.2021.01.013,numerical_DEM,"Average keff at T=100,200,300,400,500,600 degC for H=40 mm."
P036,packing_fraction_static_friction_01,Li4SiO4 thin pebble bed,0.624,extracted,dimensionless,Effect of packing structure on anisotropic effective thermal conductivity of thin ceramic pebble bed,https://doi.org/10.1016/j.net.2021.01.013,numerical_DEM,"Packing fraction when static friction coefficient is 0.1."
P037,packing_fraction_static_friction_06,Li4SiO4 thin pebble bed,0.605,extracted,dimensionless,Effect of packing structure on anisotropic effective thermal conductivity of thin ceramic pebble bed,https://doi.org/10.1016/j.net.2021.01.013,numerical_DEM,"Packing fraction when static friction coefficient is 0.6."
P038,macroscopic_transport_parameters,HCCB TBM packed bed,,not_applicable,various,Macroscopic transport characteristics in packed bed with a multi-physics inversion strategy for solid breeding blanket of HCCB TBM,https://www.sciencedirect.com/science/article/abs/pii/S1359431124007828,umbrella_record,"Umbrella placeholder retained for provenance; concrete extracted HCCB macroscopic-transport parameters are listed in P084-P091."
P039,binary_bed_effective_thermal_conductivity_model,CFETR-WCCB binary pebble bed,,to_extract,W/m/K,Theoretical modeling of the effective thermal conductivity of the binary pebble beds for the CFETR-WCCB blanket,https://doi.org/10.1016/j.fusengdes.2015.10.023,model,"Use for binary-bed model equations and parameter ranges; exact model variables still need extraction."
P040,porous_media_pinn_heat_transfer_baseline,generic porous media,,to_extract,various,Physics-informed neural networks for studying heat transfer in porous media,https://www.sciencedirect.com/science/article/abs/pii/S0017931023008165,method_benchmark,"Method benchmark only; not a fusion-material parameter source."
P041,wccb_binary_keff_range,Li2TiO3/Be12Ti mixed pebble bed,"2.0 to 4.0",extracted,W/m/K,Theoretical modeling of the effective thermal conductivity of the binary pebble beds for the CFETR-WCCB blanket,https://doi.org/10.1016/j.fusengdes.2015.10.023,model,"M-SZB model result for WCCB mixed pebble bed over 400-900 degC; use as model-derived range not direct experiment."
P042,wccb_binary_temperature_range,Li2TiO3/Be12Ti mixed pebble bed,"400 to 900",extracted,degC,Theoretical modeling of the effective thermal conductivity of the binary pebble beds for the CFETR-WCCB blanket,https://doi.org/10.1016/j.fusengdes.2015.10.023,model,"Temperature range for WCCB mixed bed keff estimate."
P043,wccb_binary_pressure_range,Li2TiO3/Be12Ti mixed pebble bed,"0.1 to 1.6",extracted,MPa,Theoretical modeling of the effective thermal conductivity of the binary pebble beds for the CFETR-WCCB blanket,https://doi.org/10.1016/j.fusengdes.2015.10.023,model,"Reported effective range for M-SZB validation conditions."
P044,wccb_large_particle_diameter_range,Be12Ti large particles,"1 to 2",extracted,mm,Theoretical modeling of the effective thermal conductivity of the binary pebble beds for the CFETR-WCCB blanket,https://doi.org/10.1016/j.fusengdes.2015.10.023,model,"Large Be12Ti particle diameter used in WCCB calculations."
P045,wccb_large_to_tiny_diameter_ratio,Li2TiO3/Be12Ti mixed pebble bed,7,extracted,dimensionless,Theoretical modeling of the effective thermal conductivity of the binary pebble beds for the CFETR-WCCB blanket,https://doi.org/10.1016/j.fusengdes.2015.10.023,model,"Study notes packing factor can reach about 0.78 when diameter ratio reaches 7; tiny Li2TiO3 diameter assumed dl/7 in WCCB calculation."
P046,wccb_packing_factor,Li2TiO3/Be12Ti mixed pebble bed,0.80,extracted,dimensionless,Theoretical modeling of the effective thermal conductivity of the binary pebble beds for the CFETR-WCCB blanket,https://doi.org/10.1016/j.fusengdes.2015.10.023,model,"Packing factor set to 0.80 considering irradiation swelling and external mechanical stress."
P047,wccb_Be12Ti_to_Li2TiO3_volume_ratio,Li2TiO3/Be12Ti mixed pebble bed,4,extracted,dimensionless,Theoretical modeling of the effective thermal conductivity of the binary pebble beds for the CFETR-WCCB blanket,https://doi.org/10.1016/j.fusengdes.2015.10.023,model,"Neutronics analysis reports optimal Be12Ti to Li2TiO3 volume ratio approximately around 4."
P048,hccb_model_particle_diameter,Chinese HCCB TBM Li4SiO4 packed bed,1,extracted,mm,Macroscopic transport characteristics in packed bed with a multi-physics inversion strategy for solid breeding blanket of HCCB TBM,https://www.sciencedirect.com/science/article/abs/pii/S1359431124007828,pore_scale_model,"Li4SiO4 pebble diameter dp=1 mm in pore-scale model."
P049,hccb_model_porosity,Chinese HCCB TBM Li4SiO4 packed bed,0.397,extracted,dimensionless,Macroscopic transport characteristics in packed bed with a multi-physics inversion strategy for solid breeding blanket of HCCB TBM,https://www.sciencedirect.com/science/article/abs/pii/S1359431124007828,pore_scale_model,"Pore-scale model porosity epsilon=39.7%."
P050,hccb_initial_model_dimensions,Chinese HCCB TBM Li4SiO4 packed bed,"25dp x 25dp x 10dp",extracted,dimensionless,Macroscopic transport characteristics in packed bed with a multi-physics inversion strategy for solid breeding blanket of HCCB TBM,https://doi.org/10.1016/j.applthermaleng.2024.123114,pore_scale_model,"Section 2.1 states that a 25dp x 25dp x 10dp packed bed was initially constructed before extracting the P390 calculation region; verified against the full text at logs/pdf_text/hccb_tbm_macroscopic_transport_2024.clean.txt lines 420-449."
P051,hccb_inlet_temperature_range,Chinese HCCB TBM Li4SiO4 packed bed,"300,500,700,900",extracted,K,Macroscopic transport characteristics in packed bed with a multi-physics inversion strategy for solid breeding blanket of HCCB TBM,https://www.sciencedirect.com/science/article/abs/pii/S1359431124007828,pore_scale_model,"Table 1 inlet temperatures."
P052,hccb_inlet_velocity_range,Chinese HCCB TBM Li4SiO4 packed bed,"0.05,0.10,0.15,0.20,0.25",extracted,m/s,Macroscopic transport characteristics in packed bed with a multi-physics inversion strategy for solid breeding blanket of HCCB TBM,https://www.sciencedirect.com/science/article/abs/pii/S1359431124007828,pore_scale_model,"Inlet velocities used for inversion conditions."
P053,hccb_internal_heat_source,Chinese HCCB TBM Li4SiO4 packed bed,6.85,extracted,MW/m3,Macroscopic transport characteristics in packed bed with a multi-physics inversion strategy for solid breeding blanket of HCCB TBM,https://www.sciencedirect.com/science/article/abs/pii/S1359431124007828,pore_scale_model,"Uniform internal heat source intensity from Table 1."
P054,hccb_working_pressure,Chinese HCCB TBM Li4SiO4 packed bed,0.12,extracted,MPa,Macroscopic transport characteristics in packed bed with a multi-physics inversion strategy for solid breeding blanket of HCCB TBM,https://www.sciencedirect.com/science/article/abs/pii/S1359431124007828,pore_scale_model,"Working pressure p0 from Table 1."
P055,hccb_cooling_wall_temperature,Chinese HCCB TBM Li4SiO4 packed bed,635,extracted,K,Macroscopic transport characteristics in packed bed with a multi-physics inversion strategy for solid breeding blanket of HCCB TBM,https://www.sciencedirect.com/science/article/abs/pii/S1359431124007828,pore_scale_model,"Cooling wall temperature set constant from packed bed to outlet channel."
P056,hccb_convective_keff_increase,Chinese HCCB TBM Li4SiO4 packed bed,18,extracted,percent,Macroscopic transport characteristics in packed bed with a multi-physics inversion strategy for solid breeding blanket of HCCB TBM,https://www.sciencedirect.com/science/article/abs/pii/S1359431124007828,inversion_result,"Helium convection can increase effective thermal conductivity by 18% at tested conditions."
P057,hccb_effective_diffusivity_increase,Chinese HCCB TBM Li4SiO4 packed bed,46,extracted,percent,Macroscopic transport characteristics in packed bed with a multi-physics inversion strategy for solid breeding blanket of HCCB TBM,https://www.sciencedirect.com/science/article/abs/pii/S1359431124007828,inversion_result,"Helium convection/dispersion can increase effective diffusivity by 46% at tested conditions."
P058,hccb_modified_model_temperature_deviation,Chinese HCCB TBM Li4SiO4 packed bed,0.6,extracted,percent,Macroscopic transport characteristics in packed bed with a multi-physics inversion strategy for solid breeding blanket of HCCB TBM,https://www.sciencedirect.com/science/article/abs/pii/S1359431124007828,validation_metric,"Modified correlation model relative prediction deviation for temperature distribution within 0.6%."
P059,pressure_drop_loop_pressure_range,purge gas pressure-drop experiment,"0.1 to 2",extracted,MPa,Measurement of pressure drop of purge gas flow in unitary and binary pebble beds,https://www.sciencedirect.com/science/article/abs/pii/S0920379624002002,experimental,"Helium loop operating pressure range."
P060,pressure_drop_loop_temperature_range,purge gas pressure-drop experiment,"20 to 500",extracted,degC,Measurement of pressure drop of purge gas flow in unitary and binary pebble beds,https://www.sciencedirect.com/science/article/abs/pii/S0920379624002002,experimental,"Helium loop operating temperature range."
P061,pressure_drop_loop_max_flow_rate,purge gas pressure-drop experiment,80,extracted,Nm3/h,Measurement of pressure drop of purge gas flow in unitary and binary pebble beds,https://www.sciencedirect.com/science/article/abs/pii/S0920379624002002,experimental,"Helium loop maximum flow rate."
P062,pressure_drop_test_section_inner_diameter,purge gas pressure-drop experiment,63,extracted,mm,Measurement of pressure drop of purge gas flow in unitary and binary pebble beds,https://www.sciencedirect.com/science/article/abs/pii/S0920379624002002,experimental,"Cylindrical stainless steel tube inner diameter."
P063,pressure_drop_test_section_height,purge gas pressure-drop experiment,700,extracted,mm,Measurement of pressure drop of purge gas flow in unitary and binary pebble beds,https://www.sciencedirect.com/science/article/abs/pii/S0920379624002002,experimental,"Cylindrical stainless steel tube height."
P064,pressure_drop_port_spacing,purge gas pressure-drop experiment,300,extracted,mm,Measurement of pressure drop of purge gas flow in unitary and binary pebble beds,https://www.sciencedirect.com/science/article/abs/pii/S0920379624002002,experimental,"Three pressure ports configured with equidistant space."
P065,pressure_drop_li2tio3_T0_diameter,Li2TiO3 purge-flow pressure drop case T0,"0.99 ± 0.1",extracted,mm,Measurement of pressure drop of purge gas flow in unitary and binary pebble beds,https://www.sciencedirect.com/science/article/abs/pii/S0920379624002002,experimental,"Li2TiO3 Case T0 particle diameter."
P066,pressure_drop_li2tio3_T1_diameter,Li2TiO3 purge-flow pressure drop case T1,"1.2 ± 0.2",extracted,mm,Measurement of pressure drop of purge gas flow in unitary and binary pebble beds,https://www.sciencedirect.com/science/article/abs/pii/S0920379624002002,experimental,"Li2TiO3 Case T1 particle diameter."
P067,pressure_drop_binary_diameter_ratios,binary purge-flow pressure drop cases,"3,5,10",extracted,dimensionless,Measurement of pressure drop of purge gas flow in unitary and binary pebble beds,https://www.sciencedirect.com/science/article/abs/pii/S0920379624002002,experimental,"Binary pebble beds studied with diameter ratios 10, 5 and 3; WCCB blanket noted as diameter ratio 5."
P068,helium_molar_mass,He purge gas,4.002602,extracted,g/mol,Helium - NIST Chemistry WebBook,https://webbook.nist.gov/cgi/inchi/InChI%3D1S/He,standard_property,"NIST Chemistry WebBook lists molecular weight 4.002602 for helium."
P069,helium_ideal_gas_cp_molar,He purge gas,20.786,extracted,J/mol/K,NIST-JANAF Thermochemical Tables: Helium,https://janaf.nist.gov/pdf/JANAF-FourthEd-1998-Helium.pdf,standard_property,"Ideal-gas helium molar heat capacity from NIST-JANAF table; used for rho_cp = p Cp_molar /(R T)."
P070,helium_dynamic_viscosity,He purge gas in Chinese HCCB TBM packed bed,"mu=0.4646*T_K^0.66*1e-6",extracted,Pa s,Macroscopic transport characteristics in packed bed with a multi-physics inversion strategy for solid breeding blanket of HCCB TBM,https://www.sciencedirect.com/science/article/abs/pii/S1359431124007828,property_correlation,"Table 2 helium viscosity correlation; T_K in K."
P071,helium_thermal_conductivity,He purge gas in Chinese HCCB TBM packed bed,"lambda_f=0.1448*(T_K/273)^0.68*(1+2.5e-3*p_MPa^1.17*(T_K/273)^-1.85)",extracted,W/m/K,Macroscopic transport characteristics in packed bed with a multi-physics inversion strategy for solid breeding blanket of HCCB TBM,https://www.sciencedirect.com/science/article/abs/pii/S1359431124007828,property_correlation,"Table 2 helium thermal-conductivity correlation; T_K in K and p_MPa in MPa as reported in the HCCB packed-bed paper."
P072,effective_volumetric_heat_capacity,Li4SiO4-He pebble bed,"rhoCp_eff=(0.97198+5.04496e-4*T_C+3.30432e-7*T_C^2)/((0.54761-4.08679e-4*T_C+1.95265e-7*T_C^2)*1e-6)",extracted,J/m3/K,Experimental Investigation of Thermal Properties of the Li4SiO4 Pebble Beds,https://www.jspf.or.jp/JPFRS/PDF/Vol11/jpfrs2015_11-049.pdf,derived_from_literature_fits,"Derived as k_eff/alpha_eff from the same TPS Li4SiO4 pebble-bed experiment; T_C in degC; valid for non-compressed single-size 1 mm Li4SiO4 bed, packing fraction about 63%, stagnant helium at atmospheric pressure, room temperature to 600 degC. This is not a full HCCB-module heat capacity."
P073,universal_gas_constant_for_helium_eos,He purge gas,8.314472,extracted,J/mol/K,An Equation of State for the Thermodynamic Properties of Helium,https://tsapps.nist.gov/publication/get_pdf.cfm?pub_id=956186,standard_property,"NIST helium EOS table lists R=8.314472 J mol-1 K-1; used with ideal-gas density in the reduced convection reference."
P074,li4sio4_tps_keff_polynomial,Li4SiO4-He pebble bed,"k=0.97198+5.04496e-4*T_C+3.30432e-7*T_C^2",extracted,W/m/K,Experimental Investigation of Thermal Properties of the Li4SiO4 Pebble Beds,https://www.jspf.or.jp/JPFRS/PDF/Vol11/jpfrs2015_11-049.pdf,experimental_fit,"Transient plane source experiment; T_C in degC; non-compressed 1 mm Li4SiO4 bed, packing fraction about 63%, stagnant helium at atmospheric pressure, room temperature to 600 degC."
P075,li4sio4_tps_alpha_polynomial,Li4SiO4-He pebble bed,"alpha=0.54761-4.08679e-4*T_C+1.95265e-7*T_C^2",extracted,mm2/s,Experimental Investigation of Thermal Properties of the Li4SiO4 Pebble Beds,https://www.jspf.or.jp/JPFRS/PDF/Vol11/jpfrs2015_11-049.pdf,experimental_fit,"Transient plane source experiment; T_C in degC; non-compressed 1 mm Li4SiO4 bed, packing fraction about 63%, stagnant helium at atmospheric pressure, room temperature to 600 degC."
P076,near_wall_region_definition,graphite pebble bed NWTCTF,"wall regions: 0<y<=0.06 m and 0.36<=y<0.42 m; near-wall region: 0.06<y<0.36 m",extracted,m,Experimental study of the effective thermal conductivity in the near-wall region of a packed pebble bed,local_pdf:logs/pdf_text/structure_closure/Experimental-study-of-the-effective-thermal-conductivit_2018_Nuclear-Enginee.txt,experimental_method,"Graphite packed-bed near-wall experiment; wall regions are one sphere diameter from heated/cooled walls. Use as geometry/diagnostic context only, not as Li4SiO4 material input."
P077,graphite_pebble_emissivity,graphite pebble bed NWTCTF,"0.81 +/- 10%",extracted,dimensionless,Experimental study of the effective thermal conductivity in the near-wall region of a packed pebble bed,local_pdf:logs/pdf_text/structure_closure/Experimental-study-of-the-effective-thermal-conductivit_2018_Nuclear-Enginee.txt,experimental_property,"Average emissivity used for HTTU/NWTCTF graphite calculations; radiation-context only for the present Li4SiO4 heat-transfer roadmap."
P078,dem_wall_region_average_porosity,DEM graphite pebble bed,"X inner/near/outer=0.621/0.502/0.666; Y inner/near/outer=0.626/0.499/0.683; Z inner/near/outer=0.518/0.484/0.985",extracted,dimensionless,A methodology to investigate the contribution of conduction and radiation heat transfer to the effective thermal conductivity of packed graphite pebble beds including the wall effect,local_pdf:logs/pdf_text/structure_closure/A-methodology-to-investigate-the-contribution-of-conduction-a_2017_Nuclear-E.txt,DEM_CFD_context,"Table 2 DEM-generated graphite pebble-bed porosity by wall/near-wall region. Use only as wall-effect context until Li4SiO4/HCCB packing fields are generated or extracted."
P079,contact_fillet_geometry,DEM/CFD graphite pebble bed,"fillet length=0.24 mm; fillet cross-section radius rf=2.59 mm",extracted,mm,A methodology to investigate the contribution of conduction and radiation heat transfer to the effective thermal conductivity of packed graphite pebble beds including the wall effect,local_pdf:logs/pdf_text/structure_closure/A-methodology-to-investigate-the-contribution-of-conduction-a_2017_Nuclear-E.txt,DEM_CFD_context,"Contact-point treatment used for CFD meshing based on Van der Merwe et al.; not a universal contact area for ceramic breeder pebbles."
P080,solid_solid_contact_resistance_estimate,DEM/CFD graphite pebble bed,"Rss=0.64/(ks*rf); total resistance ratio=1+1.00531*rf/rp; omission underestimates conduction resistance by about 8%",extracted,model_expression,A methodology to investigate the contribution of conduction and radiation heat transfer to the effective thermal conductivity of packed graphite pebble beds including the wall effect,local_pdf:logs/pdf_text/structure_closure/A-methodology-to-investigate-the-contribution-of-conduction-a_2017_Nuclear-E.txt,model_estimate,"Order-of-magnitude Chen-Tien style contact-resistance estimate for graphite CFD fillet region; requires material/contact calibration before physical use in Li4SiO4."
P081,zbs_contact_area_fraction_formula,graphite pebble-bed ZBS model,"phi=0.15*Nc^1.1*gamma",extracted,dimensionless,An explicit expression of empirical parameter in ZBS model for predicting pebble bed effective thermal conductivity,local_pdf:logs/pdf_text/structure_closure/An-explicit-expression-of-empirical-parameter-in-ZBS-mod_2021_Nuclear-Engine.txt,semi_empirical_model,"Contact area fraction formula from ordered-bed regression; R-square=0.998 in source. Use as model-candidate context only."
P082,ordered_bed_coordination_porosity_contact_radius,SC/BCC/FCC graphite pebble-bed models,"SC: Nc=6 eps=47.6% gamma=10/5/3.5%; BCC: Nc=8 eps=32.0% gamma=10/5/3.5%; FCC: Nc=12 eps=25.9% gamma=10/5/3.5%",extracted,mixed,An explicit expression of empirical parameter in ZBS model for predicting pebble bed effective thermal conductivity,local_pdf:logs/pdf_text/structure_closure/An-explicit-expression-of-empirical-parameter-in-ZBS-mod_2021_Nuclear-Engine.txt,numerical_model,"Table 1 geometric models for ordered packed beds; useful for operator screening only."
P083,random_bed_coordination_porosity_contact_radius,random graphite pebble-bed model,"Nc=5.50; eps=0.37; gamma=10/5/3.5%",extracted,mixed,An explicit expression of empirical parameter in ZBS model for predicting pebble bed effective thermal conductivity,local_pdf:logs/pdf_text/structure_closure/An-explicit-expression-of-empirical-parameter-in-ZBS-mod_2021_Nuclear-Engine.txt,numerical_model,"Table 4 random-bed geometric models after extracting a representative section to eliminate wall effect; use as screening context, not direct Li4SiO4/HCCB structure input."
P084,hccb_blake_kozeny_macdonald_permeability,Chinese HCCB TBM Li4SiO4 packed bed,"kappa_eff=epsilon^3*dp^2/(180*(1-epsilon)^2)",extracted,m2,Macroscopic transport characteristics in packed bed with a multi-physics inversion strategy for solid breeding blanket of HCCB TBM,local_pdf:logs/pdf_text/hccb_tbm_macroscopic_transport_2024.clean.txt,correlation_model,"Eq. (13) conventional permeability correlation; paper states it predicts effective permeability well and was not modified."
P085,hccb_chiew_glandt_keff_correlation,Chinese HCCB TBM Li4SiO4 packed bed,"lambda_eff_CG=(1+beta*(1-epsilon)+(((2*beta^3-0.1*beta)*(1-epsilon)^2+0.05*(1-epsilon)^3*exp(4.5*beta))/(1-beta*(1-epsilon))))*lambda_f; beta=(lambda_s-lambda_f)/(lambda_s+2*lambda_f)",extracted,W/m/K,Macroscopic transport characteristics in packed bed with a multi-physics inversion strategy for solid breeding blanket of HCCB TBM,local_pdf:logs/pdf_text/hccb_formula_pages/page_07.png,correlation_model,"PDF-verified Eq. (14)-(15) baseline effective thermal-conductivity correlation."
P086,hccb_millington_quirk_diffusivity,Chinese HCCB TBM Li4SiO4 packed bed,"D_eff_MQ=epsilon^(4/3)*D",extracted,m2/s,Macroscopic transport characteristics in packed bed with a multi-physics inversion strategy for solid breeding blanket of HCCB TBM,local_pdf:logs/pdf_text/hccb_tbm_macroscopic_transport_2024.clean.txt,correlation_model,"Eq. (16) conventional effective diffusivity correlation."
P087,hccb_modified_keff_correlation,Chinese HCCB TBM Li4SiO4 packed bed,"lambda_eff=1.24*lambda_eff_CG^1.31 - 0.0011",extracted,W/m/K,Macroscopic transport characteristics in packed bed with a multi-physics inversion strategy for solid breeding blanket of HCCB TBM,local_pdf:logs/pdf_text/hccb_tbm_macroscopic_transport_2024.clean.txt,modified_correlation,"Eq. (27) fitted from multi-physics inversion strategy. The source reports 90% of modified keff values within +/-5% of inversion-strategy results."
P088,hccb_modified_diffusivity_correlation,Chinese HCCB TBM Li4SiO4 packed bed,"D_eff=1.02*D_eff_MQ^0.97 - 6.87e-6",extracted,m2/s,Macroscopic transport characteristics in packed bed with a multi-physics inversion strategy for solid breeding blanket of HCCB TBM,local_pdf:logs/pdf_text/hccb_tbm_macroscopic_transport_2024.clean.txt,modified_correlation,"Eq. (28) fitted from multi-physics inversion strategy. The source reports 95% of modified diffusivity values within +/-10% of inversion-strategy results."
P089,hccb_ipso_initialization_parameters,Chinese HCCB TBM Li4SiO4 packed bed,"swarm N=20; inertia omega=0.8; acceleration alpha1=alpha2=0.5; iterations=100",extracted,algorithm_hyperparameters,Macroscopic transport characteristics in packed bed with a multi-physics inversion strategy for solid breeding blanket of HCCB TBM,local_pdf:logs/pdf_text/hccb_tbm_macroscopic_transport_2024.clean.txt,inversion_algorithm,"Table 4 initialized IPSO parameters; algorithm hyperparameters are not physical material parameters."
P090,hccb_inversion_decision_variable_bounds,Chinese HCCB TBM Li4SiO4 packed bed,"kappa_eff=1e-12 to 1e-8; lambda_eff=1e-3 to 1e1; D_eff=1e-6 to 1e-2",extracted,mixed,Macroscopic transport characteristics in packed bed with a multi-physics inversion strategy for solid breeding blanket of HCCB TBM,local_pdf:logs/pdf_text/hccb_formula_pages/page_07.png,inversion_bounds,"PDF-verified Eq. (21) decision-variable bounds for permeability, effective thermal conductivity and effective diffusivity."
P091,hccb_modified_correlation_validation_envelope,Chinese HCCB TBM Li4SiO4 packed bed,"u_in=0.05-0.25 m/s; T_in=300-900 K; max deviations pressure<=2.5%, temperature<=0.6%, concentration<=10%",extracted,validation_envelope,Macroscopic transport characteristics in packed bed with a multi-physics inversion strategy for solid breeding blanket of HCCB TBM,local_pdf:logs/pdf_text/hccb_tbm_macroscopic_transport_2024.clean.txt,validation_metric,"Modified macroscopic-transport correlations evaluated against pore-scale benchmark over the stated inlet velocity and temperature range."
P092,hccb_li4sio4_solid_thermal_conductivity,Chinese HCCB TBM Li4SiO4 particle,1.42,extracted,W/m/K,Macroscopic transport characteristics in packed bed with a multi-physics inversion strategy for solid breeding blanket of HCCB TBM,local_pdf:logs/pdf_text/hccb_formula_pages/page_05.png,material_property,"Table 2 Li4SiO4 particle thermal conductivity lambda_s used in the HCCB macroscopic transport paper."
P093,tritium_breeder_mono_periodic_average_porosity,tritium breeder mono-sized pebble bed,0.3819 +/- 0.0008,extracted,dimensionless,Effect of Pebble Size Distribution and Wall Effect on Inner Packing Structure and Contact Force Distribution in Tritium Breeder Pebble Bed,https://doi.org/10.3390/en14020449,DEM_packing_structure,"Mono-sized 1 mm DEM pebble bed with periodic boundary; article reports average porosity 0.3819 +/- 0.0008."
P094,tritium_breeder_mono_fixed_wall_average_porosity,tritium breeder mono-sized pebble bed,0.3981 +/- 0.0007,extracted,dimensionless,Effect of Pebble Size Distribution and Wall Effect on Inner Packing Structure and Contact Force Distribution in Tritium Breeder Pebble Bed,https://doi.org/10.3390/en14020449,DEM_packing_structure,"Mono-sized 1 mm DEM pebble bed with fixed side wall; article reports average porosity 0.3981 +/- 0.0007."
P095,tritium_breeder_wall_adjacent_max_porosity,tritium breeder fixed-wall pebble bed,about 1,extracted,dimensionless,Effect of Pebble Size Distribution and Wall Effect on Inner Packing Structure and Contact Force Distribution in Tritium Breeder Pebble Bed,https://doi.org/10.3390/en14020449,DEM_packing_structure,"Near the fixed wall, maximum local porosity is about 1 because pebbles are almost in point contact with the fixed wall."
P096,tritium_breeder_wall_effect_min_porosity,tritium breeder fixed-wall pebble bed,about 0.25 at 0.5d,extracted,dimensionless,Effect of Pebble Size Distribution and Wall Effect on Inner Packing Structure and Contact Force Distribution in Tritium Breeder Pebble Bed,https://doi.org/10.3390/en14020449,DEM_packing_structure,"Minimum local porosity about 0.25 occurs when distance from wall is about 0.5 pebble diameter."
P097,tritium_breeder_mono_wall_effect_region,tritium breeder mono-sized fixed-wall pebble bed,about 5d,extracted,pebble_diameter,Effect of Pebble Size Distribution and Wall Effect on Inner Packing Structure and Contact Force Distribution in Tritium Breeder Pebble Bed,https://doi.org/10.3390/en14020449,DEM_packing_structure,"Mono-sized wall-effect porosity oscillation/damping is limited to about 5 pebble diameters from the wall; beyond 5d porosity tends to the inner-region average."
P098,tritium_breeder_mono_fixed_wall_inner_porosity,tritium breeder mono-sized fixed-wall pebble bed,0.3826 +/- 0.0006,extracted,dimensionless,Effect of Pebble Size Distribution and Wall Effect on Inner Packing Structure and Contact Force Distribution in Tritium Breeder Pebble Bed,https://doi.org/10.3390/en14020449,DEM_packing_structure,"Average porosity in the inner region of the mono-sized random packed bed with fixed wall is reported as 0.3826 +/- 0.0006."
P099,tritium_breeder_normal_size_dispersion_sigma_range,tritium breeder poly-disperse pebble bed,0 to 0.3,extracted,mm,Effect of Pebble Size Distribution and Wall Effect on Inner Packing Structure and Contact Force Distribution in Tritium Breeder Pebble Bed,https://doi.org/10.3390/en14020449,DEM_packing_structure,"Discrete normal pebble diameter distribution uses average diameter 1 mm and standard deviation sigma varying from 0 to 0.3."
P100,tritium_breeder_periodic_porosity_vs_normal_sigma,tritium breeder poly-disperse periodic pebble bed,0.3819 to 0.3651,extracted,dimensionless,Effect of Pebble Size Distribution and Wall Effect on Inner Packing Structure and Contact Force Distribution in Tritium Breeder Pebble Bed,https://doi.org/10.3390/en14020449,DEM_packing_structure,"For normal size distribution with periodic boundary, average porosity decreases from 0.3819 +/- 0.0008 at sigma=0 to 0.3651 +/- 0.0007 at sigma=0.3."
P101,tritium_breeder_uniform_size_difference_range,tritium breeder poly-disperse pebble bed,0 to 0.5,extracted,mm,Effect of Pebble Size Distribution and Wall Effect on Inner Packing Structure and Contact Force Distribution in Tritium Breeder Pebble Bed,https://doi.org/10.3390/en14020449,DEM_packing_structure,"Discrete uniform pebble size distribution uses diameter difference Delta d from 0 to 0.5 mm around average diameter 1 mm."
P102,tritium_breeder_fixed_wall_uniform_delta_porosity_range,tritium breeder fixed-wall poly-disperse pebble bed,0.3977 to 0.3849,extracted,dimensionless,Effect of Pebble Size Distribution and Wall Effect on Inner Packing Structure and Contact Force Distribution in Tritium Breeder Pebble Bed,https://doi.org/10.3390/en14020449,DEM_packing_structure,"For uniform size distribution with fixed wall, average porosity decreases from 0.3977 +/- 0.0007 at Delta d=0.05 to 0.3849 +/- 0.0006 at Delta d=0.5."
P103,tritium_breeder_wall_effect_region_poly_disperse,tritium breeder poly-disperse fixed-wall pebble bed,about 4.5-5d to about 2d,extracted,pebble_diameter,Effect of Pebble Size Distribution and Wall Effect on Inner Packing Structure and Contact Force Distribution in Tritium Breeder Pebble Bed,https://doi.org/10.3390/en14020449,DEM_packing_structure,"Wall-effect region decreases with increasing pebble size dispersion: normal distribution sigma 0 or 0.04 is about 4.5-5d; at sigma 0.3 about 2d; uniform distribution Delta d=0.5 also about 2d."
P104,tritium_breeder_mono_coordination_fixed_vs_periodic,tritium breeder mono-sized pebble bed,6.3216 fixed wall; 6.6176 periodic,extracted,dimensionless,Effect of Pebble Size Distribution and Wall Effect on Inner Packing Structure and Contact Force Distribution in Tritium Breeder Pebble Bed,https://doi.org/10.3390/en14020449,DEM_packing_structure,"Average coordination number of mono-sized pebble bed with fixed wall is 6.3216 and with periodic boundary is 6.6176."
P105,unitary_pebble_bed_pressure_drop_aw_bw,unitary purge-gas pebble bed,"DeltaP/L=Aw*(1-eps)^2/(eps^3*dp^2)*mu*u + Bw*(1-eps)/(eps^3*dp)*rho*u^2; Aw=72/eps^0.91; Bw=1.95",extracted,pressure_drop_correlation,Measurement of pressure drop of purge gas flow in unitary and binary pebble beds,https://doi.org/10.1016/j.fusengdes.2024.114434,experimental_fit,"Eq. (2), Eq. (10) and conclusions for unitary pebble beds; helium purge-flow experiments include Li2TiO3 T0/T1 and other mono-sized beds. Use as a pressure-drop/inertial-resistance candidate for mono-sized breeder-bed solver decks, not as Li4SiO4-specific validation."
P106,binary_pebble_bed_pressure_drop_aw_bw,binary purge-gas pebble bed,"DeltaP/L=Aw*(1-eps)^2/(eps^3*Deq^2)*mu*u + Bw*(1-eps)/(eps^3*Deq)*rho*u^2; Aw=72/eps^(2*(0.455+(0.107-0.16*(D/d)^(1/3))*XD)); Bw=2.6-0.6/(D/d); 1<=D/d<=10; 0.1<=XD<=0.7",extracted,pressure_drop_correlation,Measurement of pressure drop of purge gas flow in unitary and binary pebble beds,https://doi.org/10.1016/j.fusengdes.2024.114434,experimental_fit,"Eq. (11)-Eq. (14) and conclusions for binary WCCB-relevant pebble beds; use only when a binary mixture with diameter ratio and large-particle volume fraction is explicitly modeled."
P107,hydrogen_isotope_helium_binary_diffusion_candidate,helium purge gas with hydrogen isotopes,,to_extract,m2/s,Binary diffusion coefficients of helium/hydrogen isotope mixtures,https://doi.org/10.1063/1.470373,experimental_transport_candidate,"Candidate source for H/D/T isotope binary diffusion in helium. Values, temperature and pressure scaling must be extracted from the paper before any physical RTD or HT/T2 tracer run; do not use for HTO without separate species justification."
P108,gas_phase_diffusion_compilation_helium_candidate,helium bath gas trace species,,to_extract,m2/s,Self-Diffusion and Binary-Diffusion Coefficients in Gases,https://nvlpubs.nist.gov/nistpubs/TechnicalNotes/NIST.TN.2279.pdf,evaluated_transport_candidate,"NIST TN 2279 compiles evaluated 298.15 K gas diffusion coefficients and temperature expressions for many gases, including some helium bath-gas pairs. Must inspect table coverage before using for H2O/HTO or inert tracer surrogate."
P109,packed_bed_fluid_dispersion_correlation_candidate,packed bed axial dispersion,,to_extract,dimensionless_or_m2/s,Effect of fluid dispersion coefficients on particle-to-fluid mass transfer coefficients in packed beds,https://doi.org/10.1016/0009-2509(78)85120-3,packed_bed_dispersion_candidate,"Candidate source for packed-bed fluid dispersion correlations. Must extract applicable Peclet/Re/Sc range and distinguish molecular diffusion from effective axial dispersion before upgrading APD005 tracer smoke to physical RTD validation."
P110,h2_helium_binary_diffusion_gc_review,H2 in helium carrier gas,"D_AB=1.132 cm2/s at T=289.0 K and p=1 atm; precision=3.4%; accuracy=20%",screening_only_extracted,cm2/s,Determination of diffusion coefficients by gas chromatography,https://doi.org/10.1016/j.chroma.2004.01.015,review_table_screening,"Table 3 value for H2-He from gas-chromatography broadening measurements, surfaced through publisher/PubMed metadata plus indexed table text. Use only as a protium/H2 screening surrogate until the original table is locally verified; not an HT, T2 or HTO parameter."
P111,packed_pebble_bed_gas_axial_dispersion_screening,packed pebble-bed gas axial dispersion,"ADM: dC/dtheta = (1/Pe_D)d2C/dZ2 - dC/dZ; Pe_D=Vg*dp/(epsilon_b*Dax); Pe_M=Vg*dp/(epsilon_b*D_AB)=Re_p*Sc; Gunn screening correlation: 1/Pe_D=(1/tau)(1/Pe_M)+1/2; Lanfrey tortuosity tau=epsilon_b/(1-(1-epsilon_b)^(4/3)); pebble test Vg=0.01-2.0 m/s, dp=1.25-5.0 cm, air with He tracer",screening_only_extracted,dimensionless,Axial dispersion and mixing phenomena of the gas phase in a packed pebble-bed reactor,https://doi.org/10.1016/j.anucene.2015.10.038,packed_bed_rtd_screening,"Abdulmohsin and Al-Dahhan use an ADM fitted to gas-tracer RTD in a cold-flow packed pebble-bed nuclear-reactor surrogate and compare Gunn, Edwards-Richardson, and Guedes-Delgado correlations; Gunn gives about 2.2% AARE for their data. This is a pebble-bed gas RTD screening relation, not a final APD005 HT/HTO-in-He physical RTD parameter because the experiment used He tracer in air and much larger pebbles than ceramic breeder beds."
P112,h2o_helium_binary_diffusion_screening,H2O vapor in helium,"D_AB=0.908 cm2/s at T=25 degC and p=1 bar",screening_only_extracted,cm2/s,Leak Testing Sensitivity Needs for DE,https://www.osti.gov/servlets/purl/1375143,secondary_literature_screening,"LA-UR-17-25093 states that tabulated experimental binary gas diffusion values at 1 bar and near room temperature include H2O-He D=0.908 cm2/s at 25 degC, citing Cussler 2009. Use only as an H2O-in-He screening surrogate for detector-line or moisture transport; it is not an HTO isotope-specific diffusion coefficient and does not provide high-temperature breeder-bed scaling."
P113,hydrogen_isotopologues_helium_transport_ab_initio_candidate,helium-hydrogen isotope mixtures,,to_extract,m2/s,Ab Initio Values of the Gas Transport Properties of Hydrogen Isotopologues and Helium-Hydrogen Mixtures at Low Density,https://doi.org/10.1021/acs.jced.6b00076,ab_initio_transport_candidate,"Crossref metadata confirms this JCED article targets hydrogen isotopologues and helium-hydrogen mixtures at low density. ACS main article and SI requests returned Cloudflare/HTML challenge pages in this audit, so no diffusion value was extracted. Keep as candidate until SI tables or an accessible archive are obtained."
P114,hydrogen_helium_jpcrd_reference_equation,Hydrogen-Helium low-density binary diffusion reference equation,"pD(x=0.5)=2.70e-2*T_K^1.510/[ln(T_K/(5.34e6))]^2 atm*cm2/s; valid 90 to 10000 K",reference_equation_extracted,atm_cm2_per_s,"Gaseous Diffusion Coefficients",https://srd.nist.gov/jpcrdreprint/1.3253094.pdf,evaluated_transport_reference_equation,"Marrero and Mason JPCRD/NIST reprint Figure 30 gives the Hydrogen-Helium reference equation and labels HT-tracer and T2-tracer datasets in the deviation plot. Use as a unit-checked H2/Hydrogen-Helium molecular-diffusion reference-equation candidate; do not use for HTO and do not treat as packed-bed effective dispersion without a separate dispersion closure."
P115,he_t2_amdur_abstract_reference_equation,He-T2 low-temperature tracer diffusion candidate equation,"log10(D)=1.6599*log10(T_K)-3.9230; T=195-374 K; reduced to 1 atm and normalized to He-H2",reference_equation_candidate_from_abstract,D_unit_requires_pdf_check,Diffusion Coefficients of the Systems He-T2 and He-TH,https://doi.org/10.1063/1.1695734,primary_abstract_transport_candidate,"Crossref abstract for Amdur and Malinauskas 1965 reports measured He-T2 coefficients and the empirical equation, but the locally accessible abstract does not state the D unit. Use only as source-tracing and magnitude-check evidence until the full article confirms units and extraction basis; do not promote to APD005 physical RTD."
P116,he_th_amdur_abstract_reference_equation,He-TH low-temperature tracer diffusion candidate equation,"log10(D)=1.6960*log10(T_K)-4.0140; T=195-374 K; reduced to 1 atm and normalized to He-H2",reference_equation_candidate_from_abstract,D_unit_requires_pdf_check,Diffusion Coefficients of the Systems He-T2 and He-TH,https://doi.org/10.1063/1.1695734,primary_abstract_transport_candidate,"Crossref abstract for Amdur and Malinauskas 1965 reports measured He-TH coefficients and the empirical equation, but the locally accessible abstract does not state the D unit. Use only as source-tracing and magnitude-check evidence until the full article confirms units and extraction basis; do not promote to APD005 physical RTD."
P117,hcpb_short_breeder_zone_radial_thickness,EU DEMO HCPB short breeder-zone design,"OB=520; IB=250",extracted,mm,Progress in EU Breeding Blanket design and integration,https://scipub.euro-fusion.org/wp-content/uploads/eurofusion/WPPMICPR17_17709_submitted-4.pdf,design_geometry,"Page 6 defines the short breeder-zone radial thicknesses. These are EU DEMO HCPB design values and must not be relabelled as Chinese HCCB or reactor-generic dimensions."
P118,hcpb_long_breeder_zone_radial_thickness,EU DEMO HCPB long breeder-zone design,"OB=820; IB=450",extracted,mm,Progress in EU Breeding Blanket design and integration,https://scipub.euro-fusion.org/wp-content/uploads/eurofusion/WPPMICPR17_17709_submitted-4.pdf,design_geometry,"Page 6 defines the long breeder-zone radial thicknesses. Use only for the declared EU DEMO HCPB geometry family."
P119,hcpb_primary_helium_coolant_pressure,EU DEMO HCPB primary coolant,80,extracted,bar,Progress in EU Breeding Blanket design and integration,https://scipub.euro-fusion.org/wp-content/uploads/eurofusion/WPPMICPR17_17709_submitted-4.pdf,design_operating_condition,"Page 6 states helium coolant at 80 bar. This is primary coolant pressure, not low-pressure tritium purge-gas pressure."
P120,hcpb_primary_helium_inlet_outlet_temperature,EU DEMO HCPB primary coolant,"inlet=300; outlet=500",extracted,degC,Progress in EU Breeding Blanket design and integration,https://scipub.euro-fusion.org/wp-content/uploads/eurofusion/WPPMICPR17_17709_submitted-4.pdf,design_operating_condition,"Page 6 states 300/500 degC inlet/outlet temperatures, with a separate option to raise inlet temperature. Only the baseline pair is recorded here."
P121,hcpb_blanket_primary_coolant_pressure_drop,EU DEMO HCPB blanket,"approximately 1.5",extracted,bar,Progress in EU Breeding Blanket design and integration,https://scipub.euro-fusion.org/wp-content/uploads/eurofusion/WPPMICPR17_17709_submitted-4.pdf,design_performance,"Page 6 reports maximum total blanket pressure drop dP_BB=dP_FW+dP_BZ approximately 1.5 bar. It is a design performance result, not an imposed local pebble-bed pressure gradient."
P122,hcpb_advanced_breeder_zone_radial_thickness,EU DEMO HCPB advanced neutronics configuration,"IB=220; OB=510",extracted,mm,Neutronic analyses for the optimization of the advanced HCPB breeder blanket design for DEMO,https://scipub.euro-fusion.org/wp-content/uploads/eurofusion/WPBBCP16_15579_submitted.pdf,neutronics_geometry,"Page 6 reports advanced-configuration breeder-zone radial thicknesses after MCNP parametric reduction. This geometry is configuration-specific."
P123,hcpb_breeder_ceramic_layer_thickness,EU DEMO HCPB neutronics variants,"11,15",extracted,mm,Neutronic analyses for the optimization of the advanced HCPB breeder blanket design for DEMO,https://scipub.euro-fusion.org/wp-content/uploads/eurofusion/WPBBCP16_15579_submitted.pdf,neutronics_geometry,"Page 6 states two breeder ceramic layer thicknesses used in the parametric study."
P124,hcpb_beryllium_layer_poloidal_thickness,EU DEMO HCPB neutronics variants,"33 to 60",extracted,mm,Neutronic analyses for the optimization of the advanced HCPB breeder blanket design for DEMO,https://scipub.euro-fusion.org/wp-content/uploads/eurofusion/WPBBCP16_15579_submitted.pdf,neutronics_geometry,"Page 6 states the Be layer poloidal thickness range used in the parametric study."
P125,hcpb_cooling_plate_thickness,EU DEMO HCPB neutronics geometry,5,extracted,mm,Neutronic analyses for the optimization of the advanced HCPB breeder blanket design for DEMO,https://scipub.euro-fusion.org/wp-content/uploads/eurofusion/WPBBCP16_15579_submitted.pdf,neutronics_geometry,"Pages 4 and 6 state a 5 mm cooling-plate thickness."
P126,hcpb_neutron_first_wall_loading,EU DEMO HCPB MCNP model,"average~1.0; max_IB=1.08; max_OB=1.34",extracted,MW/m2,Neutronic analyses for the optimization of the advanced HCPB breeder blanket design for DEMO,https://scipub.euro-fusion.org/wp-content/uploads/eurofusion/WPBBCP16_15579_submitted.pdf,neutronics_result,"Page 5 reports average and maximum inboard/outboard neutron first-wall loading. These values are MCNP model results, not imposed surface heat fluxes."
P127,hcpb_total_blanket_nuclear_power,EU DEMO HCPB MCNP model,2031,extracted,MW,Neutronic analyses for the optimization of the advanced HCPB breeder blanket design for DEMO,https://scipub.euro-fusion.org/wp-content/uploads/eurofusion/WPBBCP16_15579_submitted.pdf,neutronics_result,"Page 7 Table 3 reports 2031 MW nuclear power in all blankets. It cannot be divided into a module volumetric source without module-resolved power and volume data."
P128,aurora_hcpb_demo_like_model_dimensions,AURORA DEMO-like HCPB proof-of-concept,"1.4 x 0.8 x 0.1",extracted,m,Scalable multi-physics for fusion reactors with AURORA,https://doi.org/10.1088/1361-6587/aca998,open_multiphysics_benchmark,"Page 11 gives the model dimensions. The paper explicitly labels this a proof-of-concept and not a realistic physics analysis."
P129,aurora_hcpb_initial_temperature,AURORA DEMO-like HCPB proof-of-concept,293.15,extracted,K,Scalable multi-physics for fusion reactors with AURORA,https://doi.org/10.1088/1361-6587/aca998,open_multiphysics_benchmark,"Page 11 gives the initial temperature."
P130,aurora_hcpb_cooling_surface_heat_transfer_coefficients,AURORA DEMO-like HCPB proof-of-concept,"inner=309; outer=7.8",extracted,W/m2/K,Scalable multi-physics for fusion reactors with AURORA,https://doi.org/10.1088/1361-6587/aca998,open_multiphysics_benchmark,"Page 11 gives heat-transfer coefficients on innermost and outermost cooling-channel surface boundaries. These emulate fluid modelling and are benchmark-specific."
P131,aurora_hcpb_neutron_source_support,AURORA DEMO-like HCPB proof-of-concept,"y=0.88; x=-0.7 to 0.7; z=-0.07 to 0.07",extracted,m,Scalable multi-physics for fusion reactors with AURORA,https://doi.org/10.1088/1361-6587/aca998,open_multiphysics_benchmark,"Page 11 defines the uniform neutron-source plane support. This is a neutron-source geometry, not a volumetric thermal-source field."
P132,aurora_hcpb_neutron_source_strength,AURORA DEMO-like HCPB proof-of-concept,1e17,extracted,1/s,Scalable multi-physics for fusion reactors with AURORA,https://doi.org/10.1088/1361-6587/aca998,open_multiphysics_benchmark,"Page 11 gives the fixed neutron source strength. It must not be converted to MW or W/m3 without an OpenMC energy-deposition tally and normalization."
P133,aurora_hcpb_transient_schedule,AURORA DEMO-like HCPB proof-of-concept,"duration=1000; step=30",extracted,s,Scalable multi-physics for fusion reactors with AURORA,https://doi.org/10.1088/1361-6587/aca998,open_multiphysics_benchmark,"Page 11 gives the transient duration and time step used in the demonstration."
P134,aurora_hcpb_finite_element_dof,AURORA DEMO-like HCPB proof-of-concept,1.6e5,extracted,dimensionless,Scalable multi-physics for fusion reactors with AURORA,https://doi.org/10.1088/1361-6587/aca998,open_multiphysics_benchmark,"Page 11 reports approximately 1.6e5 finite-element degrees of freedom. This is mesh metadata, not a required resolution for the reduced surrogate."
P135,hcpb_li4sio4_pebble_diameter,EU DEMO HCPB V3 breeder bed,"0.25 to 0.63",extracted,mm,A new HCPB breeding blanket for the EU DEMO: Evolution rationale and preliminary performances,https://doi.org/10.1016/j.fusengdes.2017.02.008,design_material_geometry,"Page 4 states Li4SiO4 pebble diameter 0.25-0.63 mm. Use only for the cited EU HCPB design family."
P136,hcpb_be_pebble_diameter,EU DEMO HCPB V3 neutron-multiplier bed,1,extracted,mm,A new HCPB breeding blanket for the EU DEMO: Evolution rationale and preliminary performances,https://doi.org/10.1016/j.fusengdes.2017.02.008,design_material_geometry,"Page 4 states a 1 mm Be pebble diameter. It is not a Li4SiO4 particle size."
P137,hcpb_purge_gas_composition,EU DEMO HCPB breeder and multiplier beds,"He + 0.1 wt% H2",extracted,composition,A new HCPB breeding blanket for the EU DEMO: Evolution rationale and preliminary performances,https://doi.org/10.1016/j.fusengdes.2017.02.008,design_operating_condition,"Page 4 defines the purge gas and H2 doping. This is purge gas, not the 8 MPa primary coolant."
P138,hcpb_breeder_zone_purge_pressure,EU DEMO HCPB breeder zone,0.2,extracted,MPa,A new HCPB breeding blanket for the EU DEMO: Evolution rationale and preliminary performances,https://doi.org/10.1016/j.fusengdes.2017.02.008,design_operating_condition,"Page 5 sets the breeder-zone purge pressure to 0.2 MPa after noting degraded gas conductivity below 0.15 MPa."
P139,hcpb_v3_pebble_bed_layer_thickness,EU DEMO HCPB V3 baseline,"Li4SiO4=15.5; Be=40",extracted,mm,A new HCPB breeding blanket for the EU DEMO: Evolution rationale and preliminary performances,https://doi.org/10.1016/j.fusengdes.2017.02.008,design_geometry,"Page 6 reports V3 baseline breeder and multiplier bed thicknesses."
P140,hcpb_assumed_first_wall_heat_flux,EU DEMO HCPB V3 thermohydraulic model,0.5,extracted,MW/m2,A new HCPB breeding blanket for the EU DEMO: Evolution rationale and preliminary performances,https://doi.org/10.1016/j.fusengdes.2017.02.008,thermohydraulic_boundary,"Page 6 states the homogeneous first-wall heat flux assumed in the reported thermohydraulic analysis. This is a surface heat flux, not nuclear volumetric heating."
P141,hcpb_total_reactor_thermal_power,EU DEMO HCPB V3 neutronic analysis,2796.4,extracted,MW,A new HCPB breeding blanket for the EU DEMO: Evolution rationale and preliminary performances,https://doi.org/10.1016/j.fusengdes.2017.02.008,neutronics_result,"Page 6 reports total reactor thermal power. It cannot be divided into a module W/m3 source without a module-resolved deposition tally and volume map."
P142,hcpb_total_coolant_mass_flow,EU DEMO HCPB V3 primary coolant,2690.4,extracted,kg/s,A new HCPB breeding blanket for the EU DEMO: Evolution rationale and preliminary performances,https://doi.org/10.1016/j.fusengdes.2017.02.008,thermohydraulic_result,"Page 6 derives total blanket helium mass flow from heat capacity and coolant temperature rise; about 70% goes to OB and 30% to IB."
P143,hcpb_ob4_and_fw_channel_mass_flow,EU DEMO HCPB V3 equatorial outboard module,"OB4=6.33; FW_channel=0.051",extracted,kg/s,A new HCPB breeding blanket for the EU DEMO: Evolution rationale and preliminary performances,https://doi.org/10.1016/j.fusengdes.2017.02.008,thermohydraulic_boundary,"Page 6 reports module and single first-wall cooling-channel mass-flow rates for the CFD slice analysis."
P144,hcpb_cooling_channel_surface_roughness,EU DEMO HCPB V3 cooling channels,13.5,extracted,um,A new HCPB breeding blanket for the EU DEMO: Evolution rationale and preliminary performances,https://doi.org/10.1016/j.fusengdes.2017.02.008,thermohydraulic_boundary,"Page 6 gives Ra=13.5 um as a representative roughness for spark-eroded and machined channels."
P145,hcpb_v3_material_maximum_temperatures,EU DEMO HCPB V3 slice CFD,"EUROFER=578.3; Li4SiO4=671.7; Be=935.4",extracted,degC,A new HCPB breeding blanket for the EU DEMO: Evolution rationale and preliminary performances,https://doi.org/10.1016/j.fusengdes.2017.02.008,thermohydraulic_validation_result,"Page 6 reports maximum temperatures from the slice CFD analysis. These are validation targets for that configuration, not imposed boundary temperatures."
P146,hcpb_v3_pressure_drop,EU DEMO HCPB V3 primary coolant,"OB4=2.0; blanket_system=2.6",extracted,bar,A new HCPB breeding blanket for the EU DEMO: Evolution rationale and preliminary performances,https://doi.org/10.1016/j.fusengdes.2017.02.008,thermohydraulic_result,"Page 6 reports approximate OB4 and overall blanket-system pressure drops. These do not define purge-bed pressure loss."
P147,aurora_hcpb_monte_carlo_histories,AURORA DEMO-like HCPB proof-of-concept,"batches=200; histories_per_batch=5e6",extracted,particle_histories,Scalable multi-physics for fusion reactors with AURORA,https://doi.org/10.1088/1361-6587/aca998,open_multiphysics_benchmark,"Page 11 reports the Monte Carlo schedule used for the proof-of-concept demonstration. It is numerical metadata rather than a universal convergence requirement."
P148,aurora_hcpb_tally_relative_error,AURORA DEMO-like HCPB proof-of-concept,"neutron_flux=0.1 to 13; heating=0.2 to 48",extracted,percent,Scalable multi-physics for fusion reactors with AURORA,https://doi.org/10.1088/1361-6587/aca998,open_multiphysics_benchmark,"Page 11 reports wide spatial relative-error ranges and states that variance reduction would be needed. These errors prohibit treating the published demonstration as a precise HCPB training field."
P149,iaea_hcpb_tbm_1d_plasma_source_support,ITER HCPB TBM 1D benchmark,"r=506.6 to 834.0; z proposal=-1000.2 to 1000.2; z accepted=-1000.0 to 1000.0",extracted,cm,IAEA-NDS HCPB_TBM_1D open benchmark,https://github.com/IAEA-NDS/open-benchmarks/tree/09bacd7927b581d5e0f90468a0599fec8e95f972/jade_open_benchmarks/inputs/HCPB_TBM_1D,open_benchmark_source_geometry,"MCNP SDEF proposes x/y/z in a box and requires cel=51. Cells 51-52 and surfaces 50-52 define the annulus, while starred planes 128-129 restrict accepted z to +/-1000.0 cm. The OpenMC translation samples the equivalent accepted uniform-volume annulus directly."
P150,iaea_hcpb_tbm_1d_dt_ion_temperature,ITER HCPB TBM 1D benchmark,10,extracted,keV,IAEA-NDS HCPB_TBM_1D open benchmark,https://github.com/IAEA-NDS/open-benchmarks/blob/09bacd7927b581d5e0f90468a0599fec8e95f972/jade_open_benchmarks/inputs/HCPB_TBM_1D/HCPB_TBM_1D/mcnp/HCPB_TBM_1D.i,open_benchmark_source_spectrum,"The MCNP source comment specifies a Muir velocity Gaussian D-T fusion spectrum at 10 keV immediately above SP1 -6."
P151,iaea_hcpb_tbm_1d_dt_muir_parameters,ITER HCPB TBM 1D benchmark,"e0=14.1; reactant_mass_ratio=5; kT=10",extracted,"MeV;dimensionless;keV",IAEA HCPB_TBM_1D source translated with OpenMC Muir definition,https://docs.openmc.org/en/stable/pythonapi/generated/openmc.stats.muir.html,benchmark_source_translation,"The benchmark specifies the D-T Muir spectrum and 10 keV ion temperature; e0=14.1 MeV is the D-T neutron-energy reference used for the translation and mass ratio 5 is D+T reactant mass in amu. This row is a source-model translation, not a blanket material constant."
P152,iaea_hcpb_tbm_1d_heating_mesh,ITER HCPB TBM 1D benchmark,"r=830.0 to 1084.2 with 78 bins; z=-1000 to 1000; full azimuth",extracted,cm,IAEA-NDS HCPB_TBM_1D open benchmark,https://github.com/IAEA-NDS/open-benchmarks/blob/09bacd7927b581d5e0f90468a0599fec8e95f972/jade_open_benchmarks/inputs/HCPB_TBM_1D/HCPB_TBM_1D/mcnp/HCPB_TBM_1D.i,open_benchmark_tally_geometry,"MCNP FMESH204/214 define neutron and photon heating on this cylindrical mesh. The OpenMC translation preserves these radial and axial bounds."
P153,iaea_hcpb_tbm_1d_particle_histories,ITER HCPB TBM 1D benchmark,1e7,extracted,source particles,Development of the JADE code for verification and validation of nuclear data and particle transport codes,https://conferences.iaea.org/event/373/contributions/29438/attachments/15638/26321/Valentine%20-%20UKAEA%20development%20of%20the%20JADE%20tool%20for%20VV%20of%20nuclear%20data%20and%20particle%20transport%20codes.pdf,open_benchmark_numerical_schedule,"The IAEA JADE benchmark presentation lists an NPS cutoff of 1.00E+07 for HCPB_TBM_1D. It is numerical schedule metadata, not a universal convergence guarantee."
P154,iaea_hcpb_tbm_1d_source_rate_normalization,ITER HCPB TBM 1D benchmark,1.222e21,extracted,1/s,IAEA-NDS HCPB_TBM_1D open benchmark,https://github.com/IAEA-NDS/open-benchmarks/blob/09bacd7927b581d5e0f90468a0599fec8e95f972/jade_open_benchmarks/inputs/HCPB_TBM_1D/HCPB_TBM_1D/mcnp/HCPB_TBM_1D.i,open_benchmark_power_normalization,"The MCNP benchmark uses FM4=1.222e21 for source-normalized flux and FM6=1.9577e8 for W/g heating. This source rate is benchmark-specific and must not be applied to another HCPB geometry."
P155,iaea_hcpb_tbm_1d_outer_boundaries,ITER HCPB TBM 1D benchmark,"surface 127 radial vacuum; surfaces 128 and 129 axial reflective at z=+/-1000.0",extracted,boundary_condition,IAEA-NDS HCPB_TBM_1D open benchmark,https://github.com/IAEA-NDS/open-benchmarks/blob/09bacd7927b581d5e0f90468a0599fec8e95f972/jade_open_benchmarks/inputs/HCPB_TBM_1D/HCPB_TBM_1D/mcnp/HCPB_TBM_1D.i,open_benchmark_boundary_condition,"MCNP cell 128 has zero particle importance outside the radial shield, while starred pz surfaces 128 and 129 are specular reflective boundaries. The OpenMC translation must not replace the starred axial planes with vacuum."
P156,hcpb_v3_periodic_slice_topology,EU DEMO HCPB V3 equatorial OB4 slice,"one cooling plate plus two half Li4SiO4 beds and two half Be beds",extracted,topology,Integrated multi-physics design tool for fusion breeding blanket systems - development and validation,https://d-nb.info/1218599758/34,dissertation_geometry,"Section 1.2.1 defines half pebble beds and one cooling plate as the elementary periodic slice; Section 5.2 applies the same slice to 3D CFD."
P157,hcpb_v3_primary_coolant_condition,EU DEMO HCPB V3,"inlet=300; target_outlet=500; pressure=8",extracted,"degC;degC;MPa",Integrated multi-physics design tool for fusion breeding blanket systems - development and validation,https://d-nb.info/1218599758/34,dissertation_operating_condition,"Table 1.1 and Section 1.2.1 report the helium primary-coolant condition for DEMO 2015 HCPB."
P158,hcpb_v3_armour_and_first_wall_thickness,EU DEMO HCPB V3,"armour=2; first_wall=25",extracted,mm,Integrated multi-physics design tool for fusion breeding blanket systems - development and validation,https://d-nb.info/1218599758/34,dissertation_geometry,"Table 1.1 reports the armour and first-wall thicknesses for the V3 family."
P159,hcpb_v3_slice_nominal_region_heating,EU DEMO HCPB V3 equatorial OB4 slice,"armour=22.361284; Be_bed=1.492482; BSS=0.222563; CP=2.739606; FW=5.905332; Li4SiO4_bed=6.441772",extracted,W/cm3,Integrated multi-physics design tool for fusion breeding blanket systems - development and validation,https://d-nb.info/1218599758/34,dissertation_neutronics_result,"Appendix Table A.13 reports the nominal region-averaged volumetric heating used in the three-slice symmetry case. These are computed V3 benchmark loads, not universal material constants."
P160,hcpb_v3_slice_coolant_mass_flow_per_loop,EU DEMO HCPB V3 equatorial OB4 slice,0.046072,extracted,kg/s,Integrated multi-physics design tool for fusion breeding blanket systems - development and validation,https://d-nb.info/1218599758/34,dissertation_thermal_boundary,"Section 5.2.1 and Appendix Table A.13 report the mass flow applied to each of the two parallel cooling loops."
P161,hcpb_v3_bss_inlet_manifold_htc,EU DEMO HCPB V3 equatorial OB4 slice,1200,extracted,W/m2/K,Integrated multi-physics design tool for fusion breeding blanket systems - development and validation,https://d-nb.info/1218599758/34,dissertation_thermal_boundary,"Section 5.2.1 reports an approximate conservative HTC estimated with the Gnielinski correlation for the BSS inlet manifold; it is not a measured coefficient."
P162,hcpb_v3_slice_reference_cfd_mesh,EU DEMO HCPB V3 equatorial OB4 slice,"nodes=5.4e6; elements=18.6e6; inflation_layers=8; first_layer=2.0e-5; growth=1.2",extracted,"count;count;count;m;dimensionless",Integrated multi-physics design tool for fusion breeding blanket systems - development and validation,https://d-nb.info/1218599758/34,dissertation_numerical_mesh,"Section 5.2.1 reports the conformal CFD mesh. These values are a published reference resolution, not an automatic mesh-convergence proof for a new solver."
P163,hcpb_v3_slice_plasma_surface_heat_flux,EU DEMO HCPB V3 equatorial OB4 slice,0.5,extracted,MW/m2,Integrated multi-physics design tool for fusion breeding blanket systems - development and validation,https://d-nb.info/1218599758/34,dissertation_thermal_boundary,"Section 5.2.1 applies the nominal value multiplied by the cosine between the radial direction and the local surface normal."
P164,hcpb_v3_slice_external_thermal_boundaries,EU DEMO HCPB V3 equatorial OB4 slice,"top_bottom=symmetry; lateral=adiabatic except plasma-facing FW",extracted,boundary_condition,Integrated multi-physics design tool for fusion breeding blanket systems - development and validation,https://d-nb.info/1218599758/34,dissertation_thermal_boundary,"Section 5.2.1 defines the thermal boundaries of the unit slice."
P165,hcpb_v3_slice_coolant_inlet_outlet_boundaries,EU DEMO HCPB V3 equatorial OB4 slice,"inlet=300 degC at 8 MPa; outlet_relative_pressure=0",extracted,"degC;MPa;Pa",Integrated multi-physics design tool for fusion breeding blanket systems - development and validation,https://d-nb.info/1218599758/34,dissertation_fluid_boundary,"Section 5.2.1 defines the coolant inlet state and outlet relative-pressure boundary."
P166,hcpb_v3_slice_purge_chamber_thermal_boundary,EU DEMO HCPB V3 equatorial OB4 slice,adiabatic,extracted,boundary_condition,Integrated multi-physics design tool for fusion breeding blanket systems - development and validation,https://d-nb.info/1218599758/34,dissertation_thermal_boundary,"Section 5.2.1 treats purge-gas chambers as adiabatic because the low purge velocity gives negligible HTC; this is a conservative model assumption."
P167,hcpb_v3_maia_slice_thermal_hydraulic_results,EU DEMO HCPB V3 equatorial OB4 slice,"Li4SiO4_max~940; Be_max~760; Eurofer_CP_max~630; He_max~600; loop1_dp=1.49; loop2_dp=1.45",extracted,"degC;degC;degC;degC;bar;bar",Integrated multi-physics design tool for fusion breeding blanket systems - development and validation,https://d-nb.info/1218599758/34,dissertation_validation_result,"Sections 5.2.2 and Table 5.2 report a non-optimised configuration that violates several temperature limits. These are validation targets for that exact setup, not acceptable design temperatures."
P168,hcpb_v3_cooling_channels_per_plate,EU DEMO HCPB V3 cooling plate,32,extracted,count,Integrated multi-physics design tool for fusion breeding blanket systems - development and validation,https://d-nb.info/1218599758/34,dissertation_geometry,"Section 1.2.1 states that 32 functional cooling channels run in the toroidal direction within each cooling plate; dummy channels reduce the steel fraction."
P169,hcpb_v3_slice_thermal_symmetry_validation_envelope,EU DEMO HCPB V3 slice,"adjacent_mass_flow=-1.295% to +0.553%; adjacent_power_up_to~5.95%; temperature_field_error<=2.4%",extracted,percent,Integrated multi-physics design tool for fusion breeding blanket systems - development and validation,https://d-nb.info/1218599758/34,dissertation_boundary_validation,"Section 4.2 compares one-slice symmetry boundaries with three adjacent slices. The result supports the published periodic-slice boundary only within the tested load envelope."
P170,hcpb_v3_radial_build,EU DEMO HCPB V3,"OB_BZ=520; back_plate=85; mean_OB_BSS=620",extracted,mm,Integrated multi-physics design tool for fusion breeding blanket systems - development and validation,https://d-nb.info/1218599758/34,dissertation_geometry,"Table 1.1 reports the outboard breeding-zone, back-plate and mean outboard BSS radial dimensions. The BSS thickness varies poloidally."
P171,hcpb_pcd_fuel_breeder_pin_axial_length,EU DEMO HCPB fuel-breeder pin,570,extracted,mm,Engineering Design of the European DEMO HCPB Breeding Blanket Breeder Zone Mockup,https://doi.org/10.3390/app13042081,peer_reviewed_geometry,"Section 2 reports an approximate axial length of 570 mm for the blanket fuel-breeder pin."
P172,hcpb_pcd_fuel_breeder_pin_cross_section,EU DEMO HCPB fuel-breeder pin,"inner_coolant_diameter=16; inner_cladding_OD=28; ACB_radial_thickness=16; outer_cladding_OD=64; annular_coolant_gap=3; pressure_tube_thickness=4",extracted,mm,Engineering Design of the European DEMO HCPB Breeding Blanket Breeder Zone Mockup,https://doi.org/10.3390/app13042081,peer_reviewed_figure_geometry,"Figure 1 C-C was re-rendered at 6x and visually checked. The inner-cladding label is 28 mm, not 20 mm. The figure closes radially to a 70 mm pressure-tube ID. It conflicts with the separate article-text outer-cladding wall value recorded in P212."
P173,hcpb_pcd_pin_mass_flow_and_reynolds_envelope,EU DEMO HCPB fuel-breeder pin,"mass_flow=15 to 23; Re=4000 to 5900",extracted,"g/s;dimensionless",Engineering Design of the European DEMO HCPB Breeding Blanket Breeder Zone Mockup,https://doi.org/10.3390/app13042081,peer_reviewed_operating_envelope,"Section 2.2 reports the blanket pin envelope used for dimensionless upscaling of the HELOKA mock-up."
P174,hcpb_heloka_pin_mockup_tube_dimensions,HELOKA enlarged fuel-breeder pin mock-up,"tube1_ID/OD=51.84/71.84; tube2_ID/OD=71.84/91.84; tube3_ID/OD=91.84/114.3; tube4_ID/OD=144.3/168.3",extracted,mm,Engineering Design of the European DEMO HCPB Breeding Blanket Breeder Zone Mockup,https://doi.org/10.3390/app13042081,peer_reviewed_experiment_geometry,"Table 2 reports the four concentric tube dimensions. The flowing annulus is between Tube-3 OD and Tube-4 ID."
P175,hcpb_heloka_pin_mockup_heated_length,HELOKA enlarged fuel-breeder pin mock-up,528.36,extracted,mm,Experimental Thermal-Hydraulic Testing of a Mock-Up of the Fuel-Breeder Pin Concept for the EU-DEMO HCPB Breeding Blanket,https://doi.org/10.3390/jne4010002,peer_reviewed_experiment_geometry,"Section 4.1 reports the axial length covered by the three heaters."
P176,hcpb_heloka_smooth_insert_test_envelope,HELOKA enlarged fuel-breeder pin mock-up,"inlet=300 plus/minus 1.5 degC; pressure=80 plus/minus 0.5 bar absolute; Re=2900 to 7400",extracted,"degC;bar;dimensionless",Experimental Thermal-Hydraulic Testing of a Mock-Up of the Fuel-Breeder Pin Concept for the EU-DEMO HCPB Breeding Blanket,https://doi.org/10.3390/jne4010002,peer_reviewed_experiment_condition,"Sections 2 and 4 report the tested smooth-insert envelope and steady-state control limits."
P177,hcpb_heloka_smooth_insert_roughness,HELOKA enlarged fuel-breeder pin mock-up,10,extracted,um,Engineering Design of the European DEMO HCPB Breeding Blanket Breeder Zone Mockup,https://doi.org/10.3390/app13042081,peer_reviewed_experiment_geometry,"Table 3 gives approximately Rz=10 um for the normally manufactured smooth surface."
P178,hcpb_heloka_test_matrix_size,HELOKA enlarged fuel-breeder pin mock-up,"20 cases; 2 repeat runs per case",extracted,count,Experimental Thermal-Hydraulic Testing of a Mock-Up of the Fuel-Breeder Pin Concept for the EU-DEMO HCPB Breeding Blanket,https://doi.org/10.3390/jne4010002,peer_reviewed_experiment_protocol,"Table 1 reports four mass-flow/Re groups and five heater powers per group; each case was tested twice."
P179,hcpb_heloka_sampling_and_temperature_accuracy,HELOKA enlarged fuel-breeder pin mock-up,"sampling=1; thermocouple_accuracy=plus/minus 1.5 up to 375 degC",extracted,"Hz;degC",Experimental Thermal-Hydraulic Testing of a Mock-Up of the Fuel-Breeder Pin Concept for the EU-DEMO HCPB Breeding Blanket,https://doi.org/10.3390/jne4010002,peer_reviewed_experiment_protocol,"Section 3.2.1 and Section 4 report the sampling rate and type-K class-1 thermocouple tolerance."
P180,hcpb_heloka_nusselt_reynolds_uncertainty,HELOKA enlarged fuel-breeder pin mock-up,"Nu=plus/minus 2.3 to 2.8; Re=plus/minus 17.9 to 34.2",extracted,dimensionless,Experimental Thermal-Hydraulic Testing of a Mock-Up of the Fuel-Breeder Pin Concept for the EU-DEMO HCPB Breeding Blanket,https://doi.org/10.3390/jne4010002,peer_reviewed_experiment_uncertainty,"Text below Figure 10 reports total random plus systematic uncertainty. The four Nu means and vertical error bars are separately digitized with an auditable script."
P181,hcpb_heloka_helium_properties_at_573p15K_8MPa,HELOKA enlarged fuel-breeder pin mock-up,"temperature=573.15; pressure=8.0; density=6.600930640; cp=5188.814218; viscosity=3.134027780e-5; thermal_conductivity=0.2487136344",extracted,"K;MPa;kg/m3;J/kg/K;Pa*s;W/m/K",NIST Chemistry WebBook Thermophysical Properties of Fluid Systems: helium,https://webbook.nist.gov/cgi/fluid.cgi?Action=Data%26Wide=on%26ID=C7440597%26Type=IsoBar%26Digits=10%26P=8%26THigh=574.15%26TLow=572.15%26TInc=1%26RefState=DEF%26TUnit=K%26PUnit=MPa%26DUnit=kg%252Fm3%26HUnit=kJ%252Fkg%26WUnit=m%252Fs%26VisUnit=uPa%252As%26STUnit=N%252Fm,nist_reference_data,"The official NIST fluid table was downloaded as a raw TSV snapshot. Cp is converted from J/g/K to J/kg/K and viscosity from uPa s to Pa s; the original values remain in the snapshot."
P182,hcpb_heloka_derived_dimensionless_reference,HELOKA enlarged fuel-breeder pin mock-up,"Pr=0.6538398244109683; annular_diameter_ratio=1.26246719160105; hydraulic_diameter=0.03",derived,"dimensionless;dimensionless;m",Experimental Thermal-Hydraulic Testing of a Mock-Up of the Fuel-Breeder Pin Concept for the EU-DEMO HCPB Breeding Blanket; NIST helium data,https://doi.org/10.3390/jne4010002,derived_from_P174_P181,"Pr=cp*mu/k using P181; diameter ratio=144.3/114.3 and hydraulic diameter=(144.3-114.3) mm using P174. These are auditable derived values, not fitted parameters."
P183,hcpb_heloka_mean_wall_bulk_temperature_dataset,HELOKA enlarged fuel-breeder pin mock-up,"20 case-wise mean wall and bulk temperatures digitized from Figure 9",digitized_external_dataset,degC,Experimental Thermal-Hydraulic Testing of a Mock-Up of the Fuel-Breeder Pin Concept for the EU-DEMO HCPB Breeding Blanket,https://doi.org/10.3390/jne4010002,peer_reviewed_experiment_digitization,"The auditable extraction is stored in data/apd006_hcpb_pin_experiment_2023/wall_bulk_temperatures_digitized.csv. Values are calculated means reported by the paper, not local axial temperature profiles."
P184,kOmegaSSTLM_inlet_nuisance_sensitivity_values,Langtry-Menter transition-model sensitivity,"Tu_percent=0.1,0.25,0.5,3.0; eddy_viscosity_ratio=1,10,20",literature_bounded_nuisance,"percent;dimensionless",An efficient setup for freestream turbulence on transition prediction over aerospace configurations; OpenFOAM ERCOFTAC T3A 3 percent tutorial,https://doi.org/10.1016/j.ast.2018.08.013,transition_model_sensitivity,"Halila et al. explicitly study Tu=0.1,0.25,0.5 percent and eddy-viscosity ratios including 1,10,20; the OpenFOAM T3A validation tutorial identifies a 3 percent ERCOFTAC case. These are nuisance sensitivity values, not measured HELOKA inlet conditions."
P185,hcpb_heloka_uniform_heat_flux_axial_region,HELOKA enlarged fuel-breeder pin mock-up,"z=50 to 400",extracted,mm,Engineering Design of the European DEMO HCPB Breeding Blanket Breeder Zone Mockup,https://doi.org/10.3390/app13042081,peer_reviewed_cfd_result,"Section 6.1 and Figure 10 state that the Tube-3-to-coolant heat flux is uniform between 50 and 400 mm in the representative CFX case. This interval is used for a local-Nu post-processing sensitivity, not as an asserted thermocouple coordinate."
P186,hcpb_heloka_helium_temperature_dependent_properties_8MPa,HELOKA enlarged fuel-breeder pin mock-up,"table T=295 to 660 in 5 K increments; physical case envelope T=570 to 660; p=8; rho/Cp/mu/k/NIST table",extracted,"K;MPa;kg/m3;J/kg/K;Pa*s;W/m/K",NIST Chemistry WebBook Thermophysical Properties of Fluid Systems: helium,https://webbook.nist.gov/cgi/fluid.cgi?Action=Data%26Wide=on%26ID=C7440597%26Type=IsoBar%26Digits=10%26P=8%26THigh=660%26TLow=295%26TInc=5%26RefState=DEF%26TUnit=K%26PUnit=MPa%26DUnit=kg%252Fm3%26HUnit=kJ%252Fkg%26WUnit=m%252Fs%26VisUnit=uPa%252As%26STUnit=N%252Fm,nist_reference_data,"Raw TSV SHA256=66859ddf8ae0bf470bdd064513add5dde6b5bef0f7a42b922044fcc178b924c7. The low-temperature extension is required only for OpenFOAM enthalpy integration from 298.15 K; the physical case remains in the published 570-660 K envelope."
P187,hcpb_heloka_TC9_to_TC16_axial_coordinates,HELOKA enlarged fuel-breeder pin mock-up,,blocked_missing_value,mm,Engineering Design of the European DEMO HCPB Breeding Blanket Breeder Zone Mockup; Experimental Thermal-Hydraulic Testing of a Mock-Up of the Fuel-Breeder Pin Concept for the EU-DEMO HCPB Breeding Blanket,https://doi.org/10.3390/app13042081,public_source_gap,"The papers state axial-half length and proximity of full length, but do not provide numeric coordinates in text; Figure 5 is explicitly not to scale. No coordinate may be inferred from the drawing."
P188,hcpb_heloka_complete_inlet_outlet_conjugate_geometry,HELOKA enlarged fuel-breeder pin mock-up,,blocked_missing_value,CAD_or_dimensions,Engineering Design of the European DEMO HCPB Breeding Blanket Breeder Zone Mockup,https://doi.org/10.3390/app13042081,public_source_gap,"The paper reports inlet-to-outlet critical-region CFX, a downstream T-junction and approximately 50 million elements, but the complete machine-readable CAD/mesh and all pipe dimensions are not public in the inspected article package."
P189,hcpb_v3_ob4_equatorial_slice_fmesh_domain,EU DEMO HCPB V3 equatorial OB4 slice,"origin_cm=(-43.100,-99.025,-85.000); x_limit=83.650; y_limits=(-98.250,-97.750,-95.750); z_limits=(-55.000,55.000,85.000); divisions=(127;1,1,1;100,10,100)",extracted,"cm;count",Integrated multi-physics design tool for fusion breeding blanket systems - development and validation,https://d-nb.info/1218599758/34,dissertation_3d_mesh_geometry,"Table 4.3 gives the Cartesian FMESH domain and subdivisions. The total domain extents are x=126.75 cm radial, y=3.275 cm poloidal and z=170 cm toroidal. The y segments 0.775/0.5/2.0 cm match half Li4SiO4 bed/CP/half Be bed."
P190,hcpb_v3_ob4_local_source_discretization,EU DEMO HCPB V3 equatorial OB4 slice,"cosine_bins=10 from 0 to 1; neutron_energy_intervals=99 including 0-0.111 MeV plus 98 Vitamin-J+ intervals to 14.2 MeV; photon_energy_intervals=43 from 0.001 to 50 MeV",extracted,"count;MeV",Integrated multi-physics design tool for fusion breeding blanket systems - development and validation,https://d-nb.info/1218599758/34,dissertation_local_source_method,"Sections 3.3.1 and 4.1.2 define the source discretization and show that 10 cosine bins reach the deposited-power plateau. This row defines binning only, not the missing Sij probabilities."
P191,hcpb_v3_ob4_slice_local_source_normalization_table,EU DEMO HCPB V3 equatorial OB4 slice,"P=2.03700e9; Ef=2.81827e-12; C0=1.602e-13; YDEMO=7.22784e20; neutron_F1=2.96784e-4; photon_F1=4.97275e-5; ASOURCE=1.39268e3; ATALLY=4.64292e2; table_YLOCAL_n=1.1451e4; table_YLOCAL_p=1.91873e3",blocked_internal_table_equation_unit_inconsistency,"W;J;J/MeV;part/s;dimensionless;cm2",Integrated multi-physics design tool for fusion breeding blanket systems - development and validation,https://d-nb.info/1218599758/34,dissertation_table_internal_inconsistency,"Direct visual inspection confirms Eq. (3.6) uses ASOURCE/ATALLY and Eq. (3.7) applies C0 separately. Table 4.1 YLOCAL is labelled part/s but all four slice/module values are within 0.18% of a C0-weighted candidate; for the slice the closest candidate also reverses the printed area ratio. The table is therefore not admitted as an OpenMC particle-rate normalization without author/source-card confirmation."
P192,hcpb_v3_ob4_local_source_probability_matrices,EU DEMO HCPB V3 equatorial OB4 slice,,blocked_missing_value,"10x99 neutron and 10x43 photon probability matrices",Integrated multi-physics design tool for fusion breeding blanket systems - development and validation,https://d-nb.info/1218599758/34,public_source_gap,"The dissertation plots representative probability curves and defines Sij/Ci/Eij, but the complete numerical neutron and photon source matrices or MCNP source cards are not included in the inspected public PDF."
P193,hcpb_v3_ob4_case_3D_4D_region_integrated_power,EU DEMO HCPB V3 equatorial OB4 slice and module,"13 region rows with slice neutron/photon/total power; module neutron/photon/total power; DEMO total power",extracted,W,Integrated multi-physics design tool for fusion breeding blanket systems - development and validation,https://d-nb.info/1218599758/34,dissertation_integral_validation_table,"Table A.9 was visually checked against the rendered PDF and exported to data/apd006_v3_appendix_power_validation/table_A9_case_3D_4D_region_power.csv. These are region-integrated validation totals for the poloidal-reflecting/toroidal-white case, not voxel training labels."
P194,hcpb_v3_ob4_ordered_slice_region_integrated_power,EU DEMO HCPB V3 full heterogeneous OB4,"11 ordered slice categories x 13 material regions plus grand totals",extracted,W,Integrated multi-physics design tool for fusion breeding blanket systems - development and validation,https://d-nb.info/1218599758/34,dissertation_ordered_slice_integral_validation,"Tables A.10-A.12 were visually checked against the rendered PDF. Slice labels preserve published top-to-bottom order only; no numerical poloidal coordinate is assigned. Rounded region sums close to published totals within 0.143%."
P195,hcpb_v3_ob4_slice_CAD_CSG_volume_acceptance,EU DEMO HCPB V3 equatorial OB4 slice,"CAD total=5.89e4; MCNP total=5.89e4; overall difference=0.01; cell range=-0.73 to +0.81",extracted,"cm3;percent",Integrated multi-physics design tool for fusion breeding blanket systems - development and validation,https://d-nb.info/1218599758/34,dissertation_geometry_validation,"Section 3.2.1 and Table A.1 report the HCPB slice BRep-to-CSG volume check. Rounded total volumes alone do not reconstruct the geometry; they define an acceptance target for a future source model."
P196,fng_hcpb_dt_source_energy_and_distance,FNG HCPB TBM mock-up,"nominal energy=14; source to front face=5.3",extracted,"MeV;cm",FNG HCPB Tritium Breeder Module Mock-up SINBAD abstract,https://www.oecd-nea.org/science/wprs/shielding/sinbad/fng_hcpb/fnghcpb-a.htm,experimental_benchmark_description,"The real angular and angle-dependent energy distributions require SINBAD source tables/routine; a monoenergetic point source must not be substituted silently."
P197,fng_hcpb_front_box_geometry_and_materials,FNG HCPB TBM mock-up,"external=31.0x29.0x30.9; wall=0.5; rho_AISI303=7.954; rho_Be=1.85; Li2CO3 layer=1.2; separator=0.1; rho_Li2CO3=1.123",extracted,"cm;g/cm3",FNG HCPB Tritium Breeder Module Mock-up SINBAD abstract,https://www.oecd-nea.org/science/wprs/shielding/sinbad/fng_hcpb/fnghcpb-a.htm,experimental_benchmark_description,"Public abstract values; complete detector channels and exact layer placements remain in the licensed package input."
P198,fng_hcpb_rear_box_geometry_and_breeder_inventory,FNG HCPB TBM mock-up,"external=31.0x14.8x30.9; wall=0.5; Li2CO3 mass=11690.4+/-0.1; density=0.9413",extracted,"cm;g;g/cm3",FNG HCPB Tritium Breeder Module Mock-up SINBAD abstract,https://www.oecd-nea.org/science/wprs/shielding/sinbad/fng_hcpb/fnghcpb-a.htm,experimental_benchmark_description,"Rear cassette uses AISI316 and natural-lithium Li2CO3 powder."
P199,fng_hcpb_measurement_families_and_depths,FNG HCPB TBM mock-up,"depths about 4.2,10.5,16.8,23.1; activation rates; TPR; TLD-300 nuclear heating",extracted,"cm;measurement families",FNG HCPB Tritium Breeder Module Mock-up SINBAD abstract,https://www.oecd-nea.org/science/wprs/shielding/sinbad/fng_hcpb/fnghcpb-a.htm,experimental_benchmark_description,"The public abstract identifies measurement families and approximate depths. Machine-readable values and uncertainties require the SINBAD package; nuclear heating values are not listed in the public table inventory."
P200,fng_hcpb_machine_readable_source_geometry_and_measurements,FNG HCPB TBM mock-up,"NEA-1939 licensed SINBAD V2 package",blocked_licensed_package_access,"MCNP input; source routine; tables",SINBAD Version 2 NEA-1939,https://www.oecd-nea.org/jcms/pl_32139/sinbad-shielding-integral-benchmark-archive-and-database,external_data_access_gate,"Legacy abstract labels the benchmark unrestricted, but direct attachment URLs are retired. Current SINBAD V2 distribution requires licensed request through NEA Data Bank or RSICC."
P201,iaea_2025_hcpb_radial_layer_contract,Homogenized HCPB outer blanket,"FW armour=2; FW structures=20; BZ=512; back-plate=30; purge-gas manifold=88; BSS manifold=342; total=994",extracted,mm,OpenMC-based Parametric Neutronic Assessment of Fusion Breeding Blankets for Compact D-T Reactor Configurations,https://conferences.iaea.org/event/406/contributions/37094/,IAEA_presentation_parameter_table,"Slide 11 was visually checked. The six radial percentages are 0.20/2.01/51.51/3.02/8.85/34.41 and sum to 100.00%."
P202,iaea_2025_hcpb_homogenized_material_fractions,Homogenized HCPB outer blanket,"FW armour W=100; FW structures Eurofer/He=57.3/42.7; BZ Eurofer/He/TiBe12/ACB=14.3/26.1/49.3/10.3; back-plate=80.2/9.0/10.8; purge manifold=37.9/56.0/6.1; BSS=46.7/52.1/1.2",extracted,volume_percent,OpenMC-based Parametric Neutronic Assessment of Fusion Breeding Blankets for Compact D-T Reactor Configurations,https://conferences.iaea.org/event/406/contributions/37094/,IAEA_presentation_parameter_table,"Slide 11 attributes the HCPB OB fractions to Noce 2021 (DOI 10.1016/j.fusengdes.2021.112428). Every listed region closes to 100%."
P203,iaea_2025_hcpb_operating_and_source_context,Parametric compact D-T reactor HCPB,"ACB=Li4SiO4 plus about 35 mol% Li2TiO3; coolant He 8 MPa 300-520 C; purge He 0.2 MPa 450 C; fusion power=1000 MW; source=3.55e20 n/s",extracted,"mol_percent;MPa;degC;MW;n/s",OpenMC-based Parametric Neutronic Assessment of Fusion Breeding Blankets for Compact D-T Reactor Configurations,https://conferences.iaea.org/event/406/contributions/37094/,IAEA_presentation_model_context,"Slides 4 and 15 state the operating context and source normalization. The source is only described as a simple D-T plasma source; its spatial/angular distribution is not published in the slides."
P204,iaea_2025_hcpb_region_average_power_density,Homogenized HCPB outer blanket,"first wall=71.12; structures=13.83; breeder=6.47; back-plate=1.03; purge-gas manifold=0.31; BSS=0.07; outer structures=0.03",extracted,MW/m3,OpenMC-based Parametric Neutronic Assessment of Fusion Breeding Blankets for Compact D-T Reactor Configurations,https://conferences.iaea.org/event/406/contributions/37094/,IAEA_presentation_region_average_result,"Slide 21 was visually checked column by column. The 20.40 MW/m3 breeder value belongs to WCCB, not HCPB. These are presentation-level region averages without raw tally uncertainty or region-volume files."
P205,iaea_2025_hcpb_integral_neutronics_targets,Homogenized HCPB outer blanket,"TBR=1.39; EM=1.34; first structural layer DPA=24.04",extracted,"dimensionless;dimensionless;DPA",OpenMC-based Parametric Neutronic Assessment of Fusion Breeding Blankets for Compact D-T Reactor Configurations,https://conferences.iaea.org/event/406/contributions/37094/,IAEA_presentation_integral_result,"Slides 18, 19 and 22 were visually checked. These values are acceptance targets for the authors' preliminary homogenized model, not experimental or engineering thermal validation."
P206,aurora_hcpb_demonstration_transport_approximations,AURORA DEMO-like HCPB proof-of-concept,"energy spectrum=default Watt; photon transport=off; tally=heating-local; variance reduction=none",extracted,"method configuration",Scalable multi-physics for fusion reactors with AURORA,https://doi.org/10.1088/1361-6587/aca998,open_multiphysics_benchmark_configuration,"Section 3.1 explicitly states these settings and warns that the results are a software demonstration rather than realistic physics analysis. The Watt source and local photon-deposition approximation must not be relabelled as a D-T fusion HCPB heat-source model."
P207,hcpb_pcd_acb_packing_enrichment_and_mix,EU DEMO HCPB PCD breeder pins,"packing factor about 64; Li6 enrichment 60; reference mix Li4SiO4/Li2TiO3=65/35",extracted,percent,The European DEMO Helium Cooled Pebble Bed Breeding Blanket: Design Status at the Conclusion of the Pre-Concept Design Phase,https://doi.org/10.3390/en16145377,peer_reviewed_design_parameter,"Section 2.2.2 states the packing factor, Li6 enrichment and reference ACB mix. These are PCD fuel-breeder-pin values, not universal ceramic-bed constants."
P208,hcpb_pcd_outboard_pin_pitch_and_multiplier_gap,EU DEMO HCPB PCD outboard breeder zone,"triangular pin pitch=125; TiBe12 block gap=10 and reducible to at least 5",extracted,mm,The European DEMO Helium Cooled Pebble Bed Breeding Blanket: Design Status at the Conclusion of the Pre-Concept Design Phase,https://doi.org/10.3390/en16145377,peer_reviewed_design_parameter,"Section 2.2.2 and Figure 8 define the OB pitch and multiplier-block gap. The public Hypnos sample uses 135 mm pin spacing and therefore is not an exact PCD OB configuration."
P209,hcpb_pcd_first_wall_structure_and_armour_thickness,EU DEMO HCPB PCD first wall,"Eurofer structure=20; tungsten/Eurofer functional graded coating=2",extracted,mm,The European DEMO Helium Cooled Pebble Bed Breeding Blanket: Design Status at the Conclusion of the Pre-Concept Design Phase,https://doi.org/10.3390/en16145377,peer_reviewed_design_parameter,"Section 2.2.2 states a 20 mm U-shaped actively cooled plate with 2 mm functional graded coating. The Hypnos sample first-wall thickness of 30 mm is not promoted as this literature configuration."
P210,hcpb_pcd_central_outboard_heat_flux_and_channel_dimensions,EU DEMO HCPB PCD central outboard first wall,"heat flux bottom/equatorial/top=0.31/0.27/0.23; COB1-16 channels=12x12; COB17.1=13x13",extracted,"MW/m2;mm",The European DEMO Helium Cooled Pebble Bed Breeding Blanket: Design Status at the Conclusion of the Pre-Concept Design Phase,https://doi.org/10.3390/en16145377,peer_reviewed_design_parameter,"Section 2.2.2 and Table 3 give the location-dependent FW heat flux and channel dimensions. These surface loads are separate from volumetric nuclear heating."
P211,hcpb_pcd_cob4_region_envelope,EU DEMO HCPB PCD central outboard region 4,"toroidal width=1480; poloidal height=625; radial sidewall length=474",extracted,mm,The European DEMO Helium Cooled Pebble Bed Breeding Blanket: Design Status at the Conclusion of the Pre-Concept Design Phase,https://doi.org/10.3390/en16145377,peer_reviewed_design_parameter,"COB has a constant 1480 mm toroidal width and shares the published poloidal/radial dimensions of the corresponding outboard row. The region label COB4 is retained explicitly; these values must not be generalized to every blanket segment."
P212,hcpb_pcd_pin_cross_section_text_figure_discrepancy,EU DEMO HCPB PCD fuel-breeder pin,"shared: pressure tube ID=70 and wall=4, inner cladding ID=16 and wall=6, breeder radial thickness=16; Figure 1: outer cladding OD=64 and coolant gap=3; article text: outer cladding ID=60 and wall=3, implying OD=66 and coolant gap=2",blocked_source_discrepancy,mm,Engineering Design of the European DEMO HCPB Breeding Blanket Breeder Zone Mockup; Experimental Thermal-Hydraulic Testing of a Mock-Up of the Fuel-Breeder Pin Concept for the EU-DEMO HCPB Breeding Blanket,https://doi.org/10.3390/app13042081,peer_reviewed_cross_source_discrepancy,"The 6x-rendered Figure 1 C-C and the later article text agree on the inner coolant/cladding and pressure tube but disagree by 2 mm on outer-cladding OD and by 1 mm on radial coolant gap. No exact Hypnos pin cross-section may be generated until the design revision or intended variant is identified."
P213,acb_keff_experiment_material_and_envelope,Advanced Ceramic Breeder pebble bed,"Li4SiO4 plus 20,25,30 mol% Li2TiO3; theoretical density=2.54,2.58,2.62; pebble size=0.25-1.25; pebble relative density=93.0,93.3,93.5; initial packing factor=64.2; He pressure=0.12,0.2,0.4; compressive load=0 to 6; temperature=20 to 700",extracted,"mol_percent;g/cm3;mm;percent;MPa;MPa;degC",Effective thermal conductivity of advanced ceramic breeder pebble beds,https://doi.org/10.1016/j.fusengdes.2017.01.026,peer_reviewed_experiment,"Table 1 and the experimental procedure were checked in the accepted manuscript. The common ACB correlations pool the investigated 20-30 mol% Li2TiO3 compositions; they are not a direct measurement of the 35 mol% PCD material."
P214,acb_keff_linear_correlation_04MPa,Advanced Ceramic Breeder pebble bed in helium,"k=0.927+4.17e-4*T_C",extracted,W/m/K,Effective thermal conductivity of advanced ceramic breeder pebble beds,https://doi.org/10.1016/j.fusengdes.2017.01.026,experimental_fit,"Equation 3.10; T_C in degC; 20 to 700 degC; helium at 0.4 MPa absolute; applies to the ACB experiment envelope in P213."
P215,acb_keff_linear_correlation_02MPa,Advanced Ceramic Breeder pebble bed in helium,"k=0.912+3.37e-4*T_C",extracted,W/m/K,Effective thermal conductivity of advanced ceramic breeder pebble beds,https://doi.org/10.1016/j.fusengdes.2017.01.026,experimental_fit,"Equation 3.11; T_C in degC; 20 to 700 degC; helium at 0.2 MPa absolute; applies to the ACB experiment envelope in P213."
P216,acb_keff_linear_correlation_012MPa,Advanced Ceramic Breeder pebble bed in helium,"k=0.879+3.01e-4*T_C",extracted,W/m/K,Effective thermal conductivity of advanced ceramic breeder pebble beds,https://doi.org/10.1016/j.fusengdes.2017.01.026,experimental_fit,"Equation 3.12; T_C in degC; 20 to 700 degC; helium at 0.12 MPa absolute; applies to the ACB experiment envelope in P213."
P217,acb_keff_measurement_uncertainty,Advanced Ceramic Breeder pebble bed,"plus/minus 10; lower uncertainty band recommended for design",extracted,percent,Effective thermal conductivity of advanced ceramic breeder pebble beds,https://doi.org/10.1016/j.fusengdes.2017.01.026,experimental_uncertainty,"The accepted manuscript states that Eqs. 3.10-3.17 are affected by plus/minus 10% uncertainty and that the lower band is more representative for blanket design."
P218,hcpb_pcd_acb35_keff_composition_transfer,EU DEMO HCPB PCD 65/35 ACB pebble bed,"target Li2TiO3=35; measured correlation envelope=20 to 30",blocked_outside_measured_composition,mol_percent,The European DEMO Helium Cooled Pebble Bed Breeding Blanket: Design Status at the Conclusion of the Pre-Concept Design Phase; Effective thermal conductivity of advanced ceramic breeder pebble beds,https://doi.org/10.3390/en16145377,peer_reviewed_cross_source_applicability_gap,"P207 fixes the PCD reference material at 35 mol% Li2TiO3, whereas P213-P217 directly cover 20-30 mol%. The published ACB correlation may be used only as a neighbouring-composition uncertainty branch until a direct 35 mol% property source is admitted."
P219,eurofer97_density,EUROFER97,"7750",extracted,kg/m3,Finite Element Formulation of Nonlinear Thermal Conductivity Problems with Applications to Nuclear Fusion,https://doi.org/10.5772/intechopen.1008442,peer_reviewed_material_property,"Equation E1 in the open chapter; used as a literature implementation source for the nonlinear heat equation."
P220,eurofer97_thermal_conductivity_polynomial,EUROFER97,"k=0.190706*T_K-4.3053e-4*T_K^2+3.817e-7*T_K^3-1.158e-10*T_K^4",extracted,W/m/K,Finite Element Formulation of Nonlinear Thermal Conductivity Problems with Applications to Nuclear Fusion,https://doi.org/10.5772/intechopen.1008442,peer_reviewed_material_function,"Equation E2; T_K in K. The chapter attributes the Eurofer97 temperature dependence to Mergia and Boukos (DOI 10.1016/j.jnucmat.2007.03.267)."
P221,eurofer97_specific_heat_polynomial,EUROFER97,"cp=2.696*T_K-0.00496*T_K^2+3.303e-6*T_K^3",extracted,J/kg/K,Finite Element Formulation of Nonlinear Thermal Conductivity Problems with Applications to Nuclear Fusion,https://doi.org/10.5772/intechopen.1008442,peer_reviewed_material_function,"Equation E3; T_K in K. The coefficient is recorded exactly as 3.303e-6 in the directly cached open chapter, not silently replaced by variants in secondary summaries."
P222,eurofer97_original_experiment_temperature_scope,EUROFER97,"room temperature to 900",extracted,K,Structural thermal electrical and magnetic properties of Eurofer 97 steel,https://doi.org/10.1016/j.jnucmat.2007.03.267,peer_reviewed_experiment_scope,"The original article abstract reports thermal-property measurements from room temperature to 900 K. P219-P221 are implemented from the later open peer-reviewed chapter; the original full PDF remains to be cached for a coefficient-level cross-check."
P223,hcpb_pcd_acb35_transient_thermal_properties,EU DEMO HCPB PCD 65/35 ACB pebble bed,"direct thermal diffusivity and heat-capacity article identified; coefficient table not yet cached",blocked_full_text_not_cached,"m2/s;J/kg/K",Experimental investigation of thermal diffusivity and heat capacity of ceramic breeder beds,https://doi.org/10.1016/j.jnucmat.2019.03.002,external_full_text_gate,"The article explicitly studies nominal 65 mol% Li4SiO4 plus 35 mol% Li2TiO3, but no numerical function is admitted until the full article/table is cached and checked. Transient PCD-pin truth remains blocked."
P224,acb35_pebble_and_bed_density_porosity,Advanced Ceramic Breeder 65/35 pebble bed,"theoretical density=2.657; relative pebble density=95+/-1; pebble density=2.52+/-0.03; total porosity=5+/-1; open porosity=3+/-1; closed porosity=2+/-1; packing factor=64.2; pebble bed density=1.62+/-0.02",extracted,"g/cm3;percent;g/cm3;percent;percent;percent;percent;g/cm3",Current status and future perspectives of EU ceramic breeder development,https://doi.org/10.1016/j.fusengdes.2020.112171,peer_reviewed_material_property_table,"Table 1 explicitly reports the 65 mol% Li4SiO4 plus 35 mol% Li2TiO3 material. These density and porosity values do not supply the missing temperature-dependent heat capacity."
P225,acb35_specific_heat_phase_transition_range,Advanced Ceramic Breeder 65/35 pebble bed,"significant specific-heat changes from 600 to 740",extracted,degC,Current status and future perspectives of EU ceramic breeder development,https://doi.org/10.1016/j.fusengdes.2020.112171,peer_reviewed_transient_property_boundary,"Section 3.2 attributes the changes to Li4SiO4 phase transitions and states that they lie in the projected HCPB operating range. A constant heat capacity across this interval is therefore prohibited."
P226,premux_pebble_bed_geometry_and_measurement_plane,PREMUX Li4SiO4 volumetrically heated pebble bed,"poloidal=22; toroidal=189.5; radial=118; measurement plane=82 from one side",extracted,mm,Simulation of Volumetrically Heated Pebble Beds in Solid Breeding Blankets for Fusion Reactors: Modelling Experimental Validation and Sensitivity Studies,https://publikationen.bibliothek.kit.edu/1000070791,external_experiment_geometry,"Sections 3.3.1 and 3.3.2 define the test volume and measurement plane. The 118 mm radial length was selected to reduce boundary influence; this is an out-of-pile PREMUX geometry, not a full blanket module."
P227,premux_heater_matrix_geometry,PREMUX volumetric-heating analogue,"heater diameter=1; heater pitch=7; arrangement=hexagonal; heater-to-midplane offset=1.6",extracted,mm,Simulation of Volumetrically Heated Pebble Beds in Solid Breeding Blankets for Fusion Reactors: Modelling Experimental Validation and Sensitivity Studies,https://publikationen.bibliothek.kit.edu/1000070791,external_experiment_geometry,"The abstract and Figure 3.5 define the parallel linear-heater matrix. It mimics heterogeneous volumetric heating but remains an intrusive line-source analogue rather than neutron energy deposition."
P228,premux_test_box_and_cooling_channel_geometry,PREMUX P92 test box,"cooling channels=6 square channels per cooled side; channel side=25; internal rib=6; outer rib=10.5; radial channel/test-box length=250",extracted,mm,Simulation of Volumetrically Heated Pebble Beds in Solid Breeding Blankets for Fusion Reactors: Modelling Experimental Validation and Sensitivity Studies,https://publikationen.bibliothek.kit.edu/1000070791,external_experiment_geometry,"Sections 3.3.3 and 3.3.4 identify P92 as the box material and define the channel dimensions. P92 is a thermal surrogate for EUROFER97 in this experiment, not the reactor structural material itself."
P229,premux_steady_cooling_conditions,PREMUX air cooling,"mass flow per cooling channel=0.003; inlet temperature approximately 20; cooling-loop pressure=0.2",extracted,"kg/s;degC;MPa",Simulation of Volumetrically Heated Pebble Beds in Solid Breeding Blankets for Fusion Reactors: Modelling Experimental Validation and Sensitivity Studies,https://publikationen.bibliothek.kit.edu/1000070791,external_experiment_boundary_condition,"Section 4.1.1 states 0.003 kg/s in all channels and about 20 degC inlet temperature; Section 3.3.3 gives the 0.2 MPa air-loop design state. Outlet temperature and per-channel flow uncertainty must be retained when reconstructing the convective boundary."
P230,premux_purge_gas_state,PREMUX Li4SiO4 pebble bed,"pure He; stagnant; steady pressure approximately 4",extracted,bar,Simulation of Volumetrically Heated Pebble Beds in Solid Breeding Blankets for Fusion Reactors: Modelling Experimental Validation and Sensitivity Studies,https://publikationen.bibliothek.kit.edu/1000070791,external_experiment_boundary_condition,"Hydrogen was intentionally omitted and the helium was not continuously flowed. This is a heat-transfer benchmark condition and must not be described as a tritium extraction flow experiment."
P231,premux_steady_power_matrix,PREMUX volumetric-heating analogue,"VHI=1360; HI=1130; MED=920; LO=595; VLO=290; repeated runs=6 per level",extracted,"W;count",Simulation of Volumetrically Heated Pebble Beds in Solid Breeding Blankets for Fusion Reactors: Modelling Experimental Validation and Sensitivity Studies,https://publikationen.bibliothek.kit.edu/1000070791,external_experiment_operating_matrix,"Section 4.1.1 reports approximate electrical powers and six randomized runs at each level. Actual run-resolved electrical power remains preferable to the rounded nominal labels."
P232,premux_steady_ramp_and_equilibration,PREMUX volumetric-heating analogue,"ramp=120; quasi-steady VHI/HI/MED/LO/VLO=4100/3700/3600/2600/2300; steady criterion=highest TC change below 0.1 degC/min",extracted,"s;s;degC/min",Simulation of Volumetrically Heated Pebble Beds in Solid Breeding Blankets for Fusion Reactors: Modelling Experimental Validation and Sensitivity Studies,https://publikationen.bibliothek.kit.edu/1000070791,external_experiment_protocol,"Section 4.1.1 defines the ramp, approximate equilibration times and statistical steady-state criterion."
P233,premux_measured_maximum_bed_temperatures,PREMUX Li4SiO4 pebble bed,"VHI=835.3; HI=711.1; MED=601.8; LO=384.1; VLO=232.9",extracted,degC,Simulation of Volumetrically Heated Pebble Beds in Solid Breeding Blankets for Fusion Reactors: Modelling Experimental Validation and Sensitivity Studies,https://publikationen.bibliothek.kit.edu/1000070791,external_experiment_measurement,"Section 4.3.3 explicitly reports these measured maxima. They are scalar validation targets and do not substitute for the thermocouple-resolved field."
P234,premux_temperature_measurement_uncertainty,PREMUX thermocouples,"expanded uncertainty generally 1 to 2; B2.41 approximately 6; coverage factor=2",extracted,percent,Simulation of Volumetrically Heated Pebble Beds in Solid Breeding Blankets for Fusion Reactors: Modelling Experimental Validation and Sensitivity Studies,https://publikationen.bibliothek.kit.edu/1000070791,external_experiment_uncertainty,"The thesis identifies B2.41 as anomalous after repeated cycles and discusses possible local movement. B2.41 must be flagged rather than silently pooled with the other sensors."
P235,premux_global_heat_loss_fraction,PREMUX test assembly,"VHI=13.2; HI=14.8; MED=11.5; LO=10.7; VLO=17.9; average=13.6",extracted,percent,Simulation of Volumetrically Heated Pebble Beds in Solid Breeding Blankets for Fusion Reactors: Modelling Experimental Validation and Sensitivity Studies,https://publikationen.bibliothek.kit.edu/1000070791,external_experiment_energy_balance,"Section 4.3.1 attributes the losses to natural convection through insulation and test-box salient features. A deterministic model must close against delivered power minus measured loss, not assume all electrical power enters the cooled bed."
P236,premux_transient_cycle_protocol,PREMUX VHI cyclic heating,"3 cycles; initial bed temperature=50 degC; ramp up=30 s; flat top=430 s; ramp down=60 s; dwell stated as 510 s in Section 4.1.2 but 480 s in Section 4.4; Section 4.4 states cycle duration=1000 s",blocked_source_discrepancy,"count;degC;s",Simulation of Volumetrically Heated Pebble Beds in Solid Breeding Blankets for Fusion Reactors: Modelling Experimental Validation and Sensitivity Studies,https://publikationen.bibliothek.kit.edu/1000070791,external_experiment_protocol_discrepancy,"The result-section value 480 s is arithmetically consistent with 30+430+60+480=1000 s, but the contract retains both published values. No transient truth run may select one without the original time series or author clarification."
P237,premux_li4sio4_effective_conductivity,PREMUX reference Li4SiO4 pebble bed,"k_eff=0.768+4.96e-4*T_C; strain extension adds 0.045 times inelastic volumetric strain in percent",extracted,W/m/K,Simulation of Volumetrically Heated Pebble Beds in Solid Breeding Blankets for Fusion Reactors: Modelling Experimental Validation and Sensitivity Studies,https://publikationen.bibliothek.kit.edu/1000070791,literature_function_used_by_external_experiment,"Equations 4.1 and 4.2 cite Dalle Donne et al. and Reimann and Hermsmeyer. This is the property basis used in the PREMUX analysis and not a newly fitted parameter in this project."
P238,premux_thermocouple_resolved_steady_dataset,PREMUX measurement plane,"70 direct thermocouple markers and displayed error bars across VHI/HI/MED/LO/VLO; output=data/apd006_premux_steady_thermocouples/premux_steady_thermocouples_digitized.csv",digitized,"mm;degC;percent",Simulation of Volumetrically Heated Pebble Beds in Solid Breeding Blankets for Fusion Reactors: Modelling Experimental Validation and Sensitivity Studies,https://publikationen.bibliothek.kit.edu/1000070791,external_plot_digitization,"Figures 4.6-4.8 were rendered from the hashed PDF at 150 dpi and only direct marker/error-bar plots were digitized. The spline maps were excluded. VHI/HI/MED/VLO digitized maxima agree with explicit text within the published 2% uncertainty plus one pixel; LO is separately blocked by P240."
P239,premux_thermocouple_position_metrology,PREMUX measurement plane,"3D laser scan position accuracy at least 0.02; original point cloud not included in cached thesis",blocked_raw_coordinate_dataset_missing,mm,Simulation of Volumetrically Heated Pebble Beds in Solid Breeding Blankets for Fusion Reactors: Modelling Experimental Validation and Sensitivity Studies,https://publikationen.bibliothek.kit.edu/1000070791,external_measurement_coordinate_boundary,"Section 3.3.2 states that actual thermocouple positions were determined by ATOS III scanning and imported into CATIA. Nominal figure positions may be digitized, but they must not be labelled as the missing run-resolved scan coordinates."
P240,premux_LO_maximum_temperature_figure_text_discrepancy,PREMUX LO steady power level,"Section 4.3.3 text maximum=384.1; Figure 4.8 direct thermocouple curve digitized maximum approximately 420.4",blocked_source_discrepancy,degC,Simulation of Volumetrically Heated Pebble Beds in Solid Breeding Blankets for Fusion Reactors: Modelling Experimental Validation and Sensitivity Studies,https://publikationen.bibliothek.kit.edu/1000070791,external_figure_text_discrepancy,"The scripted red-marker overlay follows the Figure 4.8 points and the 100-500 degC axis. The approximately 9.4% difference exceeds the normal 1-2% expanded uncertainty. LO is not forced to either value and must be reported separately until raw data or author clarification is available."
P241,premux_bed_to_cooling_channel_wall_thickness,PREMUX P92 test box,1.2,extracted,mm,Simulation of Volumetrically Heated Pebble Beds in Solid Breeding Blankets for Fusion Reactors: Modelling Experimental Validation and Sensitivity Studies,https://doi.org/10.5445/IR/1000070791,external_experiment_geometry,"Section 3.3.3 states that the P92 wall between the pebble bed and the cooling channels is 1.2 mm thick."
P242,premux_mineral_fibre_insulation,PREMUX test assembly,"thickness approximately 70; thermal conductivity 0.075",extracted,"mm;W/m/K",Simulation of Volumetrically Heated Pebble Beds in Solid Breeding Blankets for Fusion Reactors: Modelling Experimental Validation and Sensitivity Studies,https://doi.org/10.5445/IR/1000070791,external_experiment_boundary,"Section 3.3.5 reports the as-built surrounding mineral-fibre blanket and cites ASTM C553-13 for the conductivity. The thesis assigns 10% standard uncertainty to the insulation conductivity in Table 6.3."
P243,premux_deterministic_2d_slice_assumption,PREMUX measurement plane,"heat flux in toroidal z direction neglected near longitudinal midplane; lateral slice faces adiabatic",extracted,statement,Simulation of Volumetrically Heated Pebble Beds in Solid Breeding Blankets for Fusion Reactors: Modelling Experimental Validation and Sensitivity Studies,https://doi.org/10.5445/IR/1000070791,published_model_assumption,"Sections 5.7 and 6.3 define the 2D radial-poloidal slice and zero lateral heat-flux condition. This is a published reduced-model assumption, not experimental proof of zero 3D loss."
P244,premux_reference_mesh,PREMUX deterministic ANSYS model,"9496 PLANE223 elements; approximately 77 percent bed; interface refinement; meta mesh 5.9 by 2.2 mm with 200 elements and sensitivity mesh with 1600 elements",extracted,"count;mm",Simulation of Volumetrically Heated Pebble Beds in Solid Breeding Blankets for Fusion Reactors: Modelling Experimental Validation and Sensitivity Studies,https://doi.org/10.5445/IR/1000070791,published_numerical_model,"Section 5.7.3 and Figure 5.18 define the reference discretisation. The new solver must perform its own mesh-convergence study and must not treat 9496 as a transferable universal mesh size."
P245,premux_room_temperature_heater_source_matrix,PREMUX heater blocks,"VHI currents=5.164/4.940/2.072 and q=3.69e8/3.64e8/3.73e8; HI=4.676/4.472/1.878 and 3.03e8/2.99e8/3.06e8; MED=4.230/4.045/1.697 and 2.48e8/2.44e8/2.50e8; LO=3.447/3.308/1.386 and 1.64e8/1.63e8/1.67e8; VLO=2.435/2.380/0.979 and 0.82e8/0.82e8/0.83e8",extracted,"A;W/m3",Simulation of Volumetrically Heated Pebble Beds in Solid Breeding Blankets for Fusion Reactors: Modelling Experimental Validation and Sensitivity Studies,https://doi.org/10.5445/IR/1000070791,external_experiment_source_reconstruction,"Table 6.1 gives heater-block-specific current and room-temperature volumetric generation. The source is assigned to 1 mm heater solids, not smeared over the pebble bed."
P246,premux_heater_source_uncertainty,PREMUX heater blocks,"heater 1 expanded=5.82; heater 2 expanded=5.82; heater 3 expanded=9.52; Table 6.3 standard=2.9/2.9/4.8",extracted,percent,Simulation of Volumetrically Heated Pebble Beds in Solid Breeding Blankets for Fusion Reactors: Modelling Experimental Validation and Sensitivity Studies,https://doi.org/10.5445/IR/1000070791,external_experiment_uncertainty,"Section 6.5.1 reports expanded uncertainties; Table 6.3 reports the corresponding rounded standard uncertainties. The two forms are retained rather than mixed."
P247,premux_nichrome_resistivity_temperature_factor,PREMUX Nichrome 80/20 heater,"T_C=20/100/200/300/400/500/600/700/800/900/1000; factor=1.000/1.006/1.015/1.028/1.045/1.065/1.068/1.057/1.051/1.052/1.062",extracted,"degC;dimensionless",Simulation of Volumetrically Heated Pebble Beds in Solid Breeding Blankets for Fusion Reactors: Modelling Experimental Validation and Sensitivity Studies,https://doi.org/10.5445/IR/1000070791,published_model_input,"Table 6.2 records the MatWeb-derived correction used by the thesis. Piecewise interpolation is admitted only inside 20-1000 degC; no extrapolation is permitted."
P248,premux_measured_air_inlet_and_channel_flow,PREMUX air cooling,"inlet=19.1 plus/minus 1.31; channel mass flow=(2.97 plus/minus 0.30)e-3; coverage factor=2",extracted,"degC;kg/s",Simulation of Volumetrically Heated Pebble Beds in Solid Breeding Blankets for Fusion Reactors: Modelling Experimental Validation and Sensitivity Studies,https://doi.org/10.5445/IR/1000070791,external_experiment_boundary_uncertainty,"Section 6.5.2 reports measured values and expanded uncertainties. Table 6.3 uses standard uncertainties of 3.4% for inlet temperature and 5% for channel mass flow."
P249,premux_bed_wall_thermal_contact_conductance,Li4SiO4 pebble bed to P92 wall,"h_c=2577+4.327*T_C-8.91e-4*T_C^2; expanded uncertainty plus/minus 30; standard uncertainty 15",extracted,"W/m2/K;percent",Simulation of Volumetrically Heated Pebble Beds in Solid Breeding Blankets for Fusion Reactors: Modelling Experimental Validation and Sensitivity Studies,https://doi.org/10.5445/IR/1000070791,published_empirical_boundary_function,"Equation 6.9 uses the Yagi-Kunii model with constants from Reimann et al. Temperature is in degC. The large uncertainty is retained as an input branch; heater/thermocouple-to-bed contact is separately assumed perfect by the published model."
P250,premux_vhi_reduced_2d_source_and_coolant_bulk,PREMUX deterministic VHI model,"temperature-corrected average heater q=3.88e8; 2D loss-adjusted q=3.35e8; extracted heat=1175; coolant bulk=19.5 to 52; cp=1006",extracted,"W/m3;W;degC;J/kg/K",Simulation of Volumetrically Heated Pebble Beds in Solid Breeding Blankets for Fusion Reactors: Modelling Experimental Validation and Sensitivity Studies,https://doi.org/10.5445/IR/1000070791,published_deterministic_model_input,"Section 5.7.3 documents the exact VHI reduction used because the 2D slice does not represent 3D insulation losses. This is a reproduction branch; the independent energy-balance branch must also use measured level-specific loss fractions from P235."
P251,premux_cooling_channel_htc_model,PREMUX air cooling,"Gnielinski correlation with Petukhov gas-property correction; expanded uncertainty 20; Table 6.3 standard uncertainty 10",extracted,percent,Simulation of Volumetrically Heated Pebble Beds in Solid Breeding Blankets for Fusion Reactors: Modelling Experimental Validation and Sensitivity Studies,https://doi.org/10.5445/IR/1000070791,published_boundary_model,"Sections 5.7.2 and 6.5.4 define the correlation and uncertainty. The implementation must calculate HTC from literature air properties and measured flow; no fitted constant HTC is admitted."
P252,premux_ambient_natural_convection_model,PREMUX insulated assembly,"ambient approximately 15; prism=0.5 by 0.25 by 0.25; characteristic length=1.567; expanded uncertainty 20; Table 6.3 standard uncertainty 10",extracted,"degC;m;percent",Simulation of Volumetrically Heated Pebble Beds in Solid Breeding Blankets for Fusion Reactors: Modelling Experimental Validation and Sensitivity Studies,https://doi.org/10.5445/IR/1000070791,published_boundary_model,"Section 6.5.5 uses the Sparrow-Stretton prismatic-body natural-convection correlation. This is required only for an explicit insulation-loss branch; the original 2D reduced-source branch folds losses into q."
P253,premux_reference_sensitivity_ranking,PREMUX probabilistic model,"heater generation approximately 40-50; bed conductivity approximately 30-40; coolant-channel HTC approximately 10-20",extracted,percent,Simulation of Volumetrically Heated Pebble Beds in Solid Breeding Blankets for Fusion Reactors: Modelling Experimental Validation and Sensitivity Studies,https://doi.org/10.5445/IR/1000070791,published_sensitivity_result,"Section 6.8 reports these approximate Sobol/sensitivity contributions. They guide uncertainty prioritisation but are not training labels."
P254,premux_nominal_heater_and_sensor_coordinate_basis,PREMUX measurement plane,"Figure 3.5 conceptual coordinates plus 7 mm hexagonal pitch and 1.6 mm heater offset; plot nominal sensor x coordinates retained; actual ATOS point cloud missing",blocked_exact_as_built_geometry,mm,Simulation of Volumetrically Heated Pebble Beds in Solid Breeding Blankets for Fusion Reactors: Modelling Experimental Validation and Sensitivity Studies,https://doi.org/10.5445/IR/1000070791,external_geometry_boundary,"A scripted nominal-geometry branch may be reconstructed from the conceptual figure and explicit pitch, but it must be labelled nominal and assigned coordinate uncertainty. It cannot be called the as-built PREMUX geometry."
P255,p92_npl_tabulated_thermal_properties,P92 steel,"T_C=13/122/233/338/422/525/718; cp=442/481/519/551/581/641/930; density=7770 throughout; k=29.1/28.9/28.6/28.4/27.3/27.3/27.7; diffusivity=8.47/7.73/7.09/6.63/6.05/5.48/3.83e-6",extracted,"degC;J/kg/K;kg/m3;W/m/K;m2/s",Thermal Diffusivity and Thermal Conductivity Measurements on Oxide Scales,https://eprintspublications.npl.co.uk/2577/,independent_material_property_table,"NPL Report DEPC-MPE 018 Table 5. Diffusivity is based on laser-flash measurements on unoxidised P92; starred cp and density are taken by that report from its Ref. 8 and conductivity is calculated. The printed conductivity header has a dimensional typo."
P256,p92_npl_conductivity_linear_fit,P92 steel,"k=-2.7e-3*T_C+29.058; R2=0.6414",extracted,"W/m/K;dimensionless",Thermal Diffusivity and Thermal Conductivity Measurements on Oxide Scales,https://eprintspublications.npl.co.uk/2577/,independent_material_property_fit,"NPL Report Table 8. Because R2 is only 0.6414, tabulated interpolation is the preferred branch and this fit is retained only for comparison."
P257,p92_property_transfer_to_premux,PREMUX P92 test box,"NPL P92 table is an independent grade-level property source; exact Richardot et al. 2000 table and PREMUX heat-batch identity are unavailable",blocked_exact_original_property_reproduction,statement,Simulation of Volumetrically Heated Pebble Beds in Solid Breeding Blankets for Fusion Reactors: Modelling Experimental Validation and Sensitivity Studies; NPL Report DEPC-MPE 018,https://doi.org/10.5445/IR/1000070791,material_source_boundary,"The deterministic solver may report an NPL-P92 independent-property branch, but may not call it an exact reproduction of the thesis model until the Richardot table and batch equivalence are verified."
P258,premux_nominal_observation_region_transform,PREMUX 2D measurement plane,"local observation map x=0 to approximately 56 and y=0 to 22; full bed radial width=118; centered nominal shift=(118-56)/2=31",derived_from_published_geometry,mm,Simulation of Volumetrically Heated Pebble Beds in Solid Breeding Blankets for Fusion Reactors: Modelling Experimental Validation and Sensitivity Studies,https://doi.org/10.5445/IR/1000070791,published_figure_and_dimension_derivation,"Figures 3.5, 4.6 and 5.18 show the heater/thermocouple region and its central placement; P226 gives the 118 mm full bed. The 31 mm shift is a transparent nominal-model derivation, not an ATOS measurement. Repeated plot digitizations must provide the coordinate spread."
P259,premux_air_property_functions,PREMUX dry air,"cp=1002.5+275e-6*(T_K-200)^2; k=0.02624*(T_K/300)^0.8646; mu=1.458e-6*T_K^1.5/(T_K+110.4)",extracted,"J/kg/K;W/m/K;Pa s",Simulation of Volumetrically Heated Pebble Beds in Solid Breeding Blankets for Fusion Reactors: Modelling Experimental Validation and Sensitivity Studies,https://doi.org/10.5445/IR/1000070791,published_fluid_property_functions,"Equations 6.3-6.5 cite Dixon and Sutherland. The thesis reports cp accuracy 0.1% from -70 to 180 degC and conductivity accuracy 1% from -30 to 230 degC."
P260,premux_backward_step_cooling_correction,PREMUX square cooling channel,"mean step height H=5.03; lambda1=3.23 plus/minus 2.17%; lambda2=0.108 plus/minus 3.70%; lambda3=13.6 plus/minus 3.68%; e/Dh=0.72; corrected coefficient multiplier includes 3.3 wall factor",extracted,"mm;dimensionless",Simulation of Volumetrically Heated Pebble Beds in Solid Breeding Blankets for Fusion Reactors: Modelling Experimental Validation and Sensitivity Studies,https://doi.org/10.5445/IR/1000070791,published_empirical_boundary_function,"Equations 5.82-5.91 combine a Gnielinski baseline, backward-facing-step correction and four-wall-to-one-wall factor. Published validity is Re=4300-44500 and e/Dh=8/29 to 22/29; PREMUX e/Dh=0.72."
P261,premux_measurement_plane_cooling_boundary,PREMUX VHI 82 mm measurement plane,"bulk temperature=33.5633; cp=1005.63; k_air=0.0267469; mu=1.87760e-5; Re=6327.24; Pr=0.70594; Nu_Gn=20.4836; Phi=3.47392; h_corr=251.231",derived_from_published_functions,"degC;J/kg/K;W/m/K;Pa s;dimensionless;W/m2/K",Simulation of Volumetrically Heated Pebble Beds in Solid Breeding Blankets for Fusion Reactors: Modelling Experimental Validation and Sensitivity Studies,https://doi.org/10.5445/IR/1000070791,published_equation_evaluation,"Calculated without fitting from P226/P248/P250/P259/P260 at z=82 mm, 25 mm square channel and measured 2.97e-3 kg/s flow. A script must regenerate all values and propagate the published 20% expanded HTC uncertainty."
P262,nikrothal80_thermal_conductivity,Nikrothal 80 NiCr heater analogue,"T_C=20/100/200/300/400/500/600/700/800/900/1000/1100; k=15/15/15/15/17/19/21/22/24/26/28/30",extracted,"degC;W/m/K",Nikrothal 80 Strip Datasheet,https://www.kanthal.com/en/products/datasheets/material-datasheets/strip/nikrothal-80/,manufacturer_temperature_property_table,"Official Kanthal datasheet updated 2024-09-05. It supplies a temperature-dependent NiCr-80 conductivity branch for the published homogeneous-NiCr heater representation; it does not identify the exact THERMOCOAX composite cable batch."
P263,premux_cooling_channel_to_bed_coordinate_transform,PREMUX 2D radial-poloidal slice,"cooling-channel/test-box radial length=250; bed radial width=118; centered-bed hypothesis gives flow-coordinate interval=66 to 184",blocked_coordinate_origin_hypothesis,mm,Simulation of Volumetrically Heated Pebble Beds in Solid Breeding Blankets for Fusion Reactors: Modelling Experimental Validation and Sensitivity Studies,https://doi.org/10.5445/IR/1000070791,published_geometry_hypothesis,"Figures 3.10 and 3.11 give the 250 mm channel and 118 mm bed. Their centred transform gives 66-184 mm, but the thesis does not explicitly state the Eq. 5.91 x-origin used after shortening the FE box. This branch is a testable hypothesis, not an accepted coordinate contract. The 82 mm plane is toroidal and is rejected as the cooling-flow coordinate."
P264,premux_heater_hot_lengths_and_resistance,PREMUX heater blocks,"hot lengths H1=2.15 H2=2.15 H3=0.175; total resistances=24.1/25.9/18.2; expanded resistance uncertainties=0.149/0.171/0.207",extracted,"m;ohm",Simulation of Volumetrically Heated Pebble Beds in Solid Breeding Blankets for Fusion Reactors: Modelling Experimental Validation and Sensitivity Studies,https://doi.org/10.5445/IR/1000070791,external_experiment_electrical_geometry,"Section 3.3.1 and Table 3.1 define the three electrical circuits. These actual hot lengths resolve the apparent power mismatch produced by incorrectly extruding all 25 cross-sections over the full 189.5 mm bed length."
P265,premux_reference_fe_domain_and_meta_mesh,PREMUX published MEPLAS-DPC model,"FE x-coordinate endpoints=0 and 0.148; mesh=9496 PLANE223 elements; bed meta-elements=200 with 5.9 by 2.2 mm boxes",extracted,"m;count;mm",Simulation of Volumetrically Heated Pebble Beds in Solid Breeding Blankets for Fusion Reactors: Modelling Experimental Validation and Sensitivity Studies,https://doi.org/10.5445/IR/1000070791,published_numerical_geometry,"Section 5.7.3 and Figure 5.18. The 200 meta-elements imply the 118 by 22 mm bed, while the mechanical reference nodes span a wider 148 mm FE domain. The source does not explicitly map the shortened-domain coordinate back to the 250 mm cooling-channel origin."
P266,premux_published_meplas_vhi_predictions,PREMUX MEPLAS-DPC VHI validation,"27 blue MEPLAS-DPC temperature markers in 9 three-point groups",digitized_from_fixed_hash_figure,degC,Simulation of Volumetrically Heated Pebble Beds in Solid Breeding Blankets for Fusion Reactors: Modelling Experimental Validation and Sensitivity Studies,https://doi.org/10.5445/IR/1000070791,published_solver_validation_curve,"Figure 5.20 on PDF page 143 is rendered at fixed 3x scale and colour-segmented by script. The values are published-figure digitizations with a two-pixel vertical uncertainty, not original MEPLAS solver files."
P267,premux_equation_5_91_coordinate_origin,PREMUX cooling boundary,"Eq. 5.91 x is the longitudinal distance after the backward-facing step; exact origin retained by the shortened 148 mm FE domain is not printed",blocked_missing_coordinate_mapping,statement,Simulation of Volumetrically Heated Pebble Beds in Solid Breeding Blankets for Fusion Reactors: Modelling Experimental Validation and Sensitivity Studies,https://doi.org/10.5445/IR/1000070791,published_boundary_condition_gap,"Sections 5.7.1-5.7.3 identify the physical meaning of x and the local FE coordinates but do not print the offset between them. Candidate offsets must be treated as source-defined sensitivity branches and cannot be selected by fitting thermocouple temperatures."
P268,premux_chapter6_full_thermal_model_structure,PREMUX probabilistic thermal model,"measurement-plane slice; lateral slice faces zero heat flux; cooling channels 4 and 10 represented by 1D FLUID116 lines; heaters and thermocouples are homogeneous solids",extracted,statement,Simulation of Volumetrically Heated Pebble Beds in Solid Breeding Blankets for Fusion Reactors: Modelling Experimental Validation and Sensitivity Studies,https://doi.org/10.5445/IR/1000070791,published_numerical_model_structure,"Sections 6.3-6.5 and Figure 6.2. This full thermal branch explicitly includes the test box, inlet/outlet pipes, cooling channels and thermal insulation, unlike the loss-adjusted Chapter-5 model."
P269,premux_chapter6_probabilistic_protocol,PREMUX probabilistic thermal model,"VHI uses 15 stochastic inputs and 136 optimal-space-filling deterministic runs; 3 independent response-surface validation points; weighted-LHS output sample size 1000",extracted,"count;protocol",Simulation of Volumetrically Heated Pebble Beds in Solid Breeding Blankets for Fusion Reactors: Modelling Experimental Validation and Sensitivity Studies,https://doi.org/10.5445/IR/1000070791,published_uncertainty_protocol,"Sections 6.2 and 6.7. HI/MED/LO/VLO use 78 deterministic runs after removing four low-sensitivity inlet/outlet-pipe HTC inputs. The present open reproduction may use this as an acceptance target but may not claim the unpublished ANSYS DoE points were recovered."
P270,premux_chapter6_published_validation,PREMUX probabilistic thermal model,"predicted versus experimental regression slope a=1.001 plus/minus 0.008 at 95% confidence; p-value greater than 0.05 in almost all VHI sensors; B2.41 remains outside",extracted,"dimensionless;statement",Simulation of Volumetrically Heated Pebble Beds in Solid Breeding Blankets for Fusion Reactors: Modelling Experimental Validation and Sensitivity Studies,https://doi.org/10.5445/IR/1000070791,published_external_validation_result,"Figures 6.4-6.6 and Section 6.8. This is the thesis model's reported validation target; it is not evidence that the current MOOSE reproduction has passed."
P271,premux_chapter6_missing_execution_assets,PREMUX probabilistic thermal model,"original ANSYS Workbench project, full CAD, mesh, 136-point OSF table, Kriging response surface and 1000-point weighted-LHS outputs are not included in the public thesis package",blocked_exact_reproduction,statement,Simulation of Volumetrically Heated Pebble Beds in Solid Breeding Blankets for Fusion Reactors: Modelling Experimental Validation and Sensitivity Studies,https://doi.org/10.5445/IR/1000070791,public_asset_gap,"A literature-envelope reimplementation is allowed only with explicit geometry and solver assumptions. It cannot be called an exact Chapter-6 reproduction until the original assets are obtained."
P272,premux_interface_pipe_geometry,PREMUX coolant interface pipes,"outer diameter=22; inner diameter=18; length=120; outlet K-type thermocouple diameter=1.5",extracted,"mm",Simulation of Volumetrically Heated Pebble Beds in Solid Breeding Blankets for Fusion Reactors: Modelling Experimental Validation and Sensitivity Studies,https://doi.org/10.5445/IR/1000070791,published_test_rig_geometry,"Section 3.3.2 and Figure 3.13. These dimensions admit a pipe heat-transfer branch, but the public thesis does not provide the complete pipe-to-2D-slice topology required for exact CAD reconstruction."
P273,premux_vhi_global_heat_loss_pathways,PREMUX full test rig,"VHI global loss fraction=13.2; average over five power levels=13.6; pathways include insulation natural convection plus heater and thermocouple wires, purge pipes and instrumentation feedthroughs",extracted,"percent;statement",Simulation of Volumetrically Heated Pebble Beds in Solid Breeding Blankets for Fusion Reactors: Modelling Experimental Validation and Sensitivity Studies,https://doi.org/10.5445/IR/1000070791,external_global_energy_balance,"Section 4.3.1. The measured 13.2 percent VHI loss is a whole-rig control-volume quantity and must not be imposed as the natural-convection loss of a 2D measurement-plane slice."
P274,premux_chapter6_minor_heat_path_sensitivity,PREMUX VHI probabilistic thermal model,"inlet/outlet-pipe HTC contributes at most 1 percent at wall sensors and is negligible elsewhere; insulation conductivity and insulation-air free convection contribute about 2 percent at wall sensors and are negligible elsewhere",extracted,"percent",Simulation of Volumetrically Heated Pebble Beds in Solid Breeding Blankets for Fusion Reactors: Modelling Experimental Validation and Sensitivity Studies,https://doi.org/10.5445/IR/1000070791,published_sensitivity_result,"Section 6.8. These are response sensitivities, not fractions of the total heat loss; they support keeping the minor paths in validation while preventing them from being used as arbitrary fit knobs."
P275,tesomex_test_box_geometry,TESOMEX 1.0 Li2TiO3 pebble bed,"inner pebble-bed volume=22 by 10 by 2.5; cooling plate thickness=1.5; 20 drilled channels per plate with diameter 7; steel wall thickness=1.5; manifold inner diameter=26.6",extracted,"cm;mm",Investigation of Ceramic Breeder Pebble Beds Thermo-mechanics with Volumetric Heating and Temperature Gradients Representative of the Fusion Nuclear Environment,https://escholarship.org/uc/item/8bw768p3,published_test_rig_geometry,"Chapter 4 reports the preliminary box and cooling-plate geometry. The exact CAD and raw mesh remain unavailable, so this row admits a geometry contract but not exact reconstruction."
P276,tesomex_temperature_instrumentation,TESOMEX 1.0 Li2TiO3 pebble bed,"12 single-point plus one multi-point type-K thermocouple bundles; radial locations=0/5/10/18 from heater",extracted,"count;mm",Investigation of Ceramic Breeder Pebble Beds Thermo-mechanics with Volumetric Heating and Temperature Gradients Representative of the Fusion Nuclear Environment,https://escholarship.org/uc/item/8bw768p3,published_observation_layout,"Chapters 4 and 5. These four radial locations define an external sparse-field sequence task after the plotted histories are digitized."
P277,tesomex_pulsed_temperature_pressure_examples,TESOMEX Li2TiO3 pebble bed,"maximum bed temperature examples=410/745/800/810/868; first-cycle stress-relaxation temperature approximately 720; maximum contact pressure examples=154/241",extracted,"degC;kPa",Investigation of Ceramic Breeder Pebble Beds Thermo-mechanics with Volumetric Heating and Temperature Gradients Representative of the Fusion Nuclear Environment,https://escholarship.org/uc/item/8bw768p3,published_transient_experiment_summary,"Chapter 5 narrative values are audit anchors, not substitutes for the time histories plotted in Figures 5.1-5.5."
P278,tesomex_cycle_to_cycle_temperature_shift,TESOMEX pulsed Li2TiO3 pebble bed,"temperature shift approximately 25 from 842 to 867 between first and fourth cycle; stable after cycle 4 to 5",extracted,"degC;cycle",Investigation of Ceramic Breeder Pebble Beds Thermo-mechanics with Volumetric Heating and Temperature Gradients Representative of the Fusion Nuclear Environment,https://escholarship.org/uc/item/8bw768p3,published_cycle_memory_observation,"Chapter 5 attributes the shift to changing bed-wall contact and local conductivity. This is a physical memory target for leave-one-cycle-out prediction, not a learned offset to prescribe."
P279,tesomex_cooling_gradient_reversal,TESOMEX pulsed Li2TiO3 pebble bed,"after heater shutdown near-wall response is delayed; radial curves cross; temperature gradient reverses and peak location migrates away from heater",extracted,statement,Investigation of Ceramic Breeder Pebble Beds Thermo-mechanics with Volumetric Heating and Temperature Gradients Representative of the Fusion Nuclear Environment,https://escholarship.org/uc/item/8bw768p3,published_transient_mechanism_observation,"Figure 5.8 and accompanying text identify low thermal diffusivity as the mechanism. Curve digitization is required before quantitative validation."
P280,tesomex_24h_continuous_observations,TESOMEX continuous Li2TiO3 pebble bed,"contact stress rises to 120 then becomes negligible after approximately 2 h; core temperature decreases by more than 40 over 24 h; wall temperature rises approximately 4; heater-surface thermocouple fails after 7 h",extracted,"kPa;h;degC",Investigation of Ceramic Breeder Pebble Beds Thermo-mechanics with Volumetric Heating and Temperature Gradients Representative of the Fusion Nuclear Environment,https://escholarship.org/uc/item/8bw768p3,published_long_duration_multimodal_observation,"Figures 5.9-5.10. This branch can test latent property evolution only after the full histories and failure censoring are represented."
P281,tesomex_fem_pebble_bed_density,TESOMEX Li2TiO3 effective pebble-bed material,1927.8,extracted,kg/m3,Investigation of Ceramic Breeder Pebble Beds Thermo-mechanics with Volumetric Heating and Temperature Gradients Representative of the Fusion Nuclear Environment,https://escholarship.org/uc/item/8bw768p3,published_FEM_property_table,"Appendix B APDL command `mp,dens,peb,1927.8`. This is the density used by the dissertation FEM material branch, not an independently remeasured density for every TESOMEX packing."
P282,tesomex_fem_pebble_bed_thermal_conductivity_table,TESOMEX Li2TiO3 effective pebble-bed material,"T_C=0/50/100/150/200/250/300/350/400/450/500/550/600/650/700/750/800/850/900/950/1000; k=0.926/0.935/0.948/0.961/0.975/0.991/1.009/1.028/1.048/1.070/1.093/1.118/1.145/1.172/1.202/1.232/1.265/1.298/1.334/1.370/1.408",extracted,"degC;W/m/K",Investigation of Ceramic Breeder Pebble Beds Thermo-mechanics with Volumetric Heating and Temperature Gradients Representative of the Fusion Nuclear Environment,https://escholarship.org/uc/item/8bw768p3,published_FEM_property_table,"Appendix B APDL `mpdata,kxx/kyy/kzz` table. The deterministic benchmark uses linear interpolation only inside 0-1000 degC and treats this as the dissertation's declared FEM-property branch."
P283,tesomex_fem_pebble_bed_specific_heat_table,TESOMEX Li2TiO3 effective pebble-bed material,"T_C=0/50/100/150/200/250/300/350/400/450/500/550/600/650/700/750/800/850/900/950/1000; cp=1062/1100/1150.95/1193.09/1233.68/1272.72/1310.21/1346.14/1380.52/1413.35/1444.63/1474.35/1502.52/1529.14/1554.21/1577.72/1599.68/1620.09/1638.95/1656.25/1672.00",extracted,"degC;J/kg/K",Investigation of Ceramic Breeder Pebble Beds Thermo-mechanics with Volumetric Heating and Temperature Gradients Representative of the Fusion Nuclear Environment,https://escholarship.org/uc/item/8bw768p3,published_FEM_property_table,"Appendix B APDL `mpdata,c,peb` table. Values are used only within the published temperature range."
P284,tesomex_experimental_bed_atmosphere,TESOMEX thermal-cycling pebble-bed experiments,non-flowing air,extracted,statement,Investigation of Ceramic Breeder Pebble Beds Thermo-mechanics with Volumetric Heating and Temperature Gradients Representative of the Fusion Nuclear Environment,https://escholarship.org/uc/item/8bw768p3,published_experiment_boundary,"Chapter 5 limitations state the 25 degC cycling jump was measured under non-flowing air and that flowing helium would increase bed and interface heat transfer. Li2TiO3-He hot-wire fits must not be substituted as exact TESOMEX properties."
P285,tesomex_tactile_pressure_calibration_error,TESOMEX tactile pressure mapping system,2,extracted,percent,Investigation of Ceramic Breeder Pebble Beds Thermo-mechanics with Volumetric Heating and Temperature Gradients Representative of the Fusion Nuclear Environment,https://escholarship.org/uc/item/8bw768p3,published_sensor_calibration,"Section 4.3.3 reports maximum deviation of 2 percent across the calibrated 0-4 MPa pressure range using representative pebble/silica-sheet conditions."
P286,tesomex_fem_poisson_ratio,KO/NFRI Li2TiO3 pebble-bed continuum,0.25,extracted,dimensionless,Investigation of Ceramic Breeder Pebble Beds Thermo-mechanics with Volumetric Heating and Temperature Gradients Representative of the Fusion Nuclear Environment,https://escholarship.org/uc/item/8bw768p3,published_FEM_constitutive_parameter,"Table 6.2 and Appendix B APDL `mp,prxy/pryz/prxz,peb,0.25`."
P287,tesomex_nonlinear_elastic_stress_exponent,KO/NFRI Li2TiO3 pebble-bed continuum,0.84,extracted,dimensionless,Investigation of Ceramic Breeder Pebble Beds Thermo-mechanics with Volumetric Heating and Temperature Gradients Representative of the Fusion Nuclear Environment,https://escholarship.org/uc/item/8bw768p3,published_FEM_constitutive_parameter,"Table 6.2 parameter s for the stress-invariant-dependent Young modulus."
P288,tesomex_reference_young_modulus,KO/NFRI Li2TiO3 pebble-bed continuum,50,extracted,MPa,Investigation of Ceramic Breeder Pebble Beds Thermo-mechanics with Volumetric Heating and Temperature Gradients Representative of the Fusion Nuclear Environment,https://escholarship.org/uc/item/8bw768p3,published_FEM_constitutive_parameter,"Table 6.2 E0 and Appendix B APDL `YM=0.05E9`. The Workbench implementation also contains a nonlinear elasticity relation; this row is not a universal constant for all packings."
P289,tesomex_cap_cohesion_parameter_sigma0,KO/NFRI Li2TiO3 pebble-bed continuum,0.1,extracted,MPa,Investigation of Ceramic Breeder Pebble Beds Thermo-mechanics with Volumetric Heating and Temperature Gradients Representative of the Fusion Nuclear Environment,https://escholarship.org/uc/item/8bw768p3,published_CAP_parameter,"Table 6.1 and Table 6.2. The dissertation states that the EDP/CAP branch was omitted from the reported Workbench results because of convergence and resource cost."
P290,tesomex_cap_internal_friction_parameter_alpha,KO/NFRI Li2TiO3 pebble-bed continuum,0.25,extracted,dimensionless,Investigation of Ceramic Breeder Pebble Beds Thermo-mechanics with Volumetric Heating and Temperature Gradients Representative of the Fusion Nuclear Environment,https://escholarship.org/uc/item/8bw768p3,published_CAP_parameter,"Table 6.1 and Table 6.2 alpha parameter."
P291,tesomex_cap_initial_X0,KO/NFRI Li2TiO3 pebble-bed continuum,-0.1,extracted,MPa,Investigation of Ceramic Breeder Pebble Beds Thermo-mechanics with Volumetric Heating and Temperature Gradients Representative of the Fusion Nuclear Environment,https://escholarship.org/uc/item/8bw768p3,published_CAP_parameter,"Table 6.1 and Table 6.2 X0 parameter."
P292,tesomex_cap_shape_parameter_R,KO/NFRI Li2TiO3 pebble-bed continuum,0.436,extracted,dimensionless,Investigation of Ceramic Breeder Pebble Beds Thermo-mechanics with Volumetric Heating and Temperature Gradients Representative of the Fusion Nuclear Environment,https://escholarship.org/uc/item/8bw768p3,published_CAP_parameter,"Table 6.2 and Appendix B EDP data. Table 6.1 rounds this value to 0.44."
P293,tesomex_workbench_creep_C1,KO/NFRI Li2TiO3 pebble-bed continuum,0.0002,extracted,ANSYS-consistent-unit-system,Investigation of Ceramic Breeder Pebble Beds Thermo-mechanics with Volumetric Heating and Temperature Gradients Representative of the Fusion Nuclear Environment,https://escholarship.org/uc/item/8bw768p3,published_creep_parameter,"Table 6.5 and Appendix B Workbench recalibration. Must not be used outside the declared ANSYS unit system without dimensional conversion."
P294,tesomex_workbench_creep_C2,KO/NFRI Li2TiO3 pebble-bed continuum,2.8,extracted,dimensionless_exponent,Investigation of Ceramic Breeder Pebble Beds Thermo-mechanics with Volumetric Heating and Temperature Gradients Representative of the Fusion Nuclear Environment,https://escholarship.org/uc/item/8bw768p3,published_creep_parameter,"Table 6.5 and Appendix B strain-hardening creep law."
P295,tesomex_workbench_creep_C3,KO/NFRI Li2TiO3 pebble-bed continuum,-0.65,extracted,dimensionless_exponent,Investigation of Ceramic Breeder Pebble Beds Thermo-mechanics with Volumetric Heating and Temperature Gradients Representative of the Fusion Nuclear Environment,https://escholarship.org/uc/item/8bw768p3,published_creep_parameter,"Table 6.5 and Appendix B strain-hardening creep law."
P296,tesomex_workbench_creep_C4,KO/NFRI Li2TiO3 pebble-bed continuum,18000,extracted,K,Investigation of Ceramic Breeder Pebble Beds Thermo-mechanics with Volumetric Heating and Temperature Gradients Representative of the Fusion Nuclear Environment,https://escholarship.org/uc/item/8bw768p3,published_creep_parameter,"Table 6.5 and Appendix B Workbench recalibration; appears in exp(-C4/T)."
P297,tesomex_fem_pebble_bed_thermal_expansion_table,KO/NFRI Li2TiO3 pebble-bed continuum,"T_C=0/50/100/150/200/250/300/350/400/450/500/550/600/650/700/750/800/850/900/950/1000; alpha_1_per_K=7.58e-6/7.58e-6/7.58e-6/7.58e-6/8.35e-6/8.35e-6/1.01e-5/1.01e-5/1.21e-5/1.21e-5/1.38e-5/1.38e-5/1.64e-5/1.64e-5/1.72e-5/1.97e-5/2.22e-5/2.47e-5/2.47e-5/2.47e-5/2.47e-5",extracted,"degC;1/K",Investigation of Ceramic Breeder Pebble Beds Thermo-mechanics with Volumetric Heating and Temperature Gradients Representative of the Fusion Nuclear Environment,https://escholarship.org/uc/item/8bw768p3,published_FEM_property_table,"Appendix B APDL isotropic alpx/alpy/alpz table in the Workbench material branch."
P298,tesomex_fem_pebble_material_mu,KO/NFRI Li2TiO3 pebble-bed continuum,0.02,extracted,dimensionless,Investigation of Ceramic Breeder Pebble Beds Thermo-mechanics with Volumetric Heating and Temperature Gradients Representative of the Fusion Nuclear Environment,https://escholarship.org/uc/item/8bw768p3,published_APDL_parameter,"Appendix B APDL `mp,mu,peb,0.02`. It is retained with the APDL name because the exact contact assignment in the unavailable Workbench project cannot be independently audited."
P299,tesomex_fem_coolant_heat_transfer_coefficient,TESOMEX Workbench thermal boundary,2000,extracted,W/m2/K,Investigation of Ceramic Breeder Pebble Beds Thermo-mechanics with Volumetric Heating and Temperature Gradients Representative of the Fusion Nuclear Environment,https://escholarship.org/uc/item/8bw768p3,published_FEM_boundary,"Section 6.3 describes an approximated mean helium-side heat-transfer coefficient of 2000 W/m2/K with constant bulk temperature. This is a model boundary parameter, not a direct TESOMEX measurement."
P300,tesomex_single_effect_creep_matrix,KO/NFRI Li2TiO3 pebble bed,"650C at 1/2/4 MPa including one 4 MPa repeat; 750C at 1/2.5/4 MPa; initial packing factor 63.2%; pebble diameter 1.0 mm",extracted,"degC;MPa;dimensionless;mm",Investigation of Ceramic Breeder Pebble Beds Thermo-mechanics with Volumetric Heating and Temperature Gradients Representative of the Fusion Nuclear Environment,https://escholarship.org/uc/item/8bw768p3,published_single_effect_creep_matrix,"Section 6.2.1 and Figure 6.2. The text reports 5.5% strain at 750C/4MPa after 15 h and approximately 1% saturation at 750C/1MPa after 13 h."
P301,tesomex_figure6p11_time_power_fit_a,KO/NFRI Li2TiO3 pebble-bed 750C/1MPa creep history,2.32879e-4,extracted,figure_axis_strain_per_s_power,Investigation of Ceramic Breeder Pebble Beds Thermo-mechanics with Volumetric Heating and Temperature Gradients Representative of the Fusion Nuclear Environment,https://escholarship.org/uc/item/8bw768p3,published_figure_fit_annotation,"Figure 6.11 inset reports y=a*x^b with a=2.32879E-4. The plotted creep-strain axis is 0-0.02 and time is seconds; this figure value is retained exactly as shown and is not a new fit."
P302,tesomex_figure6p11_time_power_fit_b,KO/NFRI Li2TiO3 pebble-bed 750C/1MPa creep history,0.3573,extracted,dimensionless_exponent,Investigation of Ceramic Breeder Pebble Beds Thermo-mechanics with Volumetric Heating and Temperature Gradients Representative of the Fusion Nuclear Environment,https://escholarship.org/uc/item/8bw768p3,published_figure_fit_annotation,"Figure 6.11 inset reports y=a*x^b with b=0.3573."
P303,tesomex_figure6p12_rate_strain_fit_a,KO/NFRI Li2TiO3 pebble-bed 750C/1MPa creep-rate relation,4.10976e-4,extracted,figure_axis_rate_coefficient,Investigation of Ceramic Breeder Pebble Beds Thermo-mechanics with Volumetric Heating and Temperature Gradients Representative of the Fusion Nuclear Environment,https://escholarship.org/uc/item/8bw768p3,published_figure_fit_annotation,"Figure 6.12 inset reports y=a*x^b with a=4.10976E-4; the y axis is labelled micrometre per metre-second. No unit conversion is assumed in the parameter manifest."
P304,tesomex_figure6p12_rate_strain_fit_b,KO/NFRI Li2TiO3 pebble-bed 750C/1MPa creep-rate relation,-1.454,extracted,dimensionless_exponent,Investigation of Ceramic Breeder Pebble Beds Thermo-mechanics with Volumetric Heating and Temperature Gradients Representative of the Fusion Nuclear Environment,https://escholarship.org/uc/item/8bw768p3,published_figure_fit_annotation,"Figure 6.12 inset reports y=a*x^b with b=-1.454; this is also the Table 6.2 C3 value."
P305,tdem_contact_pair_cutoff_fraction_epsilon,ceramic breeder TDEM contact network,0.5,extracted,dimensionless,Discrete element method for effective thermal conductivity of packed pebbles accounting for the Smoluchowski effect,https://doi.org/10.1016/j.fusengdes.2018.01.013,published_model_parameter,"Section 2.2 states that thermal contact pairs are included when h_ij is below epsilon R_ij and adopts epsilon=0.5 from prior network studies."
P306,tdem_effective_heat_transport_radius_fraction_chi,ceramic breeder TDEM contact network,0.71,calibrated_published,dimensionless,Discrete element method for effective thermal conductivity of packed pebbles accounting for the Smoluchowski effect,https://doi.org/10.1016/j.fusengdes.2018.01.013,published_once_calibrated_model_parameter,"Section 3.1 calibrates chi once against KIT EU-reference experiments and keeps it fixed; the stated size support is 0.25-1.9 mm. It is not treated as a universal material constant."
P307,tdem_goodman_thermal_accommodation_constant_C,confined gas contact conduction,2.4,extracted,dimensionless,Discrete element method for effective thermal conductivity of packed pebbles accounting for the Smoluchowski effect,https://doi.org/10.1016/j.fusengdes.2018.01.013,published_model_parameter,"Equation 15 uses the Goodman constant C=2.4 in the gas-solid thermal accommodation correlation."
P308,tdem_Li2TiO3_solid_internal_porosity,Li2TiO3 solid pebble material,0.08,extracted,dimensionless,Discrete element method for effective thermal conductivity of packed pebbles accounting for the Smoluchowski effect,https://doi.org/10.1016/j.fusengdes.2018.01.013,published_material_model_input,"Table 3 reports p approximately 0.08 for the Li2TiO3 solid-property branches. This is solid-pebble porosity rather than bed void fraction."
P309,tdem_Li2TiO3_bulk_density_relation,Li2TiO3 solid pebble material,"3430*(1-p)",extracted,kg/m3,Discrete element method for effective thermal conductivity of packed pebbles accounting for the Smoluchowski effect,https://doi.org/10.1016/j.fusengdes.2018.01.013,published_material_correlation,"Table 3 density relation with p approximately 0.08."
P310,tdem_Li2TiO3_solid_conductivity_Gierszewski_branch,Li2TiO3 solid pebble material,"(1-p)^2.9*(5.35-4.78e-3*T_K+2.87e-6*T_K^2)",extracted,W/m/K,Discrete element method for effective thermal conductivity of packed pebbles accounting for the Smoluchowski effect,https://doi.org/10.1016/j.fusengdes.2018.01.013,published_material_correlation,"First Li2TiO3 conductivity branch in Table 3; T is absolute temperature and p is solid-pebble porosity."
P311,tdem_Li2TiO3_solid_conductivity_Saito_branch,Li2TiO3 solid pebble material,"[(1-p)/(1+(1.06-2.88e-4*T_K)*p)]*(4.77-5.11e-3*T_K+3.12e-6*T_K^2)",extracted,W/m/K,Discrete element method for effective thermal conductivity of packed pebbles accounting for the Smoluchowski effect,https://doi.org/10.1016/j.fusengdes.2018.01.013,published_material_correlation,"Second Li2TiO3 conductivity branch in Table 3; T is absolute temperature and p is solid-pebble porosity."
P312,tdem_air_bulk_thermal_conductivity,stagnant air,"-1e-11*T_C^3-4e-8*T_C^2+8e-5*T_C+0.0241",extracted,W/m/K,Discrete element method for effective thermal conductivity of packed pebbles accounting for the Smoluchowski effect,https://doi.org/10.1016/j.fusengdes.2018.01.013,published_gas_correlation,"Table 4 correlation fitted to the cited dry-air source; T is in degC."
P313,tdem_air_kinetic_molecular_diameter,stagnant air,3.66e-10,extracted,m,Discrete element method for effective thermal conductivity of packed pebbles accounting for the Smoluchowski effect,https://doi.org/10.1016/j.fusengdes.2018.01.013,published_gas_property,"Table 4 kinetic molecular diameter used in the mean-free-path and Smoluchowski correction."
P314,tdem_air_molar_mass,stagnant air,28.96,extracted,g/mol,Discrete element method for effective thermal conductivity of packed pebbles accounting for the Smoluchowski effect,https://doi.org/10.1016/j.fusengdes.2018.01.013,published_gas_property,"Table 4 molar mass used in the gas-solid thermal accommodation correlation."
P315,tdem_network_imposed_temperature_difference,thermal resistor-network RVE,1.0,extracted,K,Discrete element method for effective thermal conductivity of packed pebbles accounting for the Smoluchowski effect,https://doi.org/10.1016/j.fusengdes.2018.01.013,published_model_boundary,"Section 2.1 states that the top-to-bottom imposed temperature difference is 1 K."
P316,tdem_network_RVE_height,thermal resistor-network RVE,20,extracted,mm,Discrete element method for effective thermal conductivity of packed pebbles accounting for the Smoluchowski effect,https://doi.org/10.1016/j.fusengdes.2018.01.013,published_model_geometry,"Section 3 states that the assembly height is 20 mm; cross-section follows from solid volume and packing factor."
P317,tdem_RVE_particle_count,periodic ceramic breeder RVE,5000,extracted,particles,Influence of bed conditions on the effective thermal conductivity of ceramic breeder pebble beds using thermal DEM (TDEM),https://doi.org/10.1016/j.fusengdes.2020.111767,published_model_discretization,"Section 2 uses a periodic RVE of 5000 monodisperse particles. Particle count is a published model discretization rather than a material property."
P318,tdem_Li2TiO3_Young_modulus,Li2TiO3 model pebble,210,conflicting_published,GPa,Influence of bed conditions on the effective thermal conductivity of ceramic breeder pebble beds using thermal DEM (TDEM),https://doi.org/10.1016/j.fusengdes.2020.111767,published_mechanical_property,"Table 1 assigns 210 GPa to Lithium Metatitanate. The same group's 2019 ANN paper assigns 90 GPa to LMT; P341 records that conflict. This row is a published model branch, not a universal batch property."
P319,tdem_Li2TiO3_Poisson_ratio,Li2TiO3 model pebble,0.27,extracted,dimensionless,Influence of bed conditions on the effective thermal conductivity of ceramic breeder pebble beds using thermal DEM (TDEM),https://doi.org/10.1016/j.fusengdes.2020.111767,published_mechanical_property,"Table 1 Lithium Metatitanate Poisson ratio used by the Hertzian DEM model."
P320,tdem_Li2TiO3_model_density,Li2TiO3 model pebble,3180,extracted,kg/m3,Influence of bed conditions on the effective thermal conductivity of ceramic breeder pebble beds using thermal DEM (TDEM),https://doi.org/10.1016/j.fusengdes.2020.111767,published_mechanical_property,"Table 1 density for the Lithium Metatitanate model particles. This is kept separate from the porosity-based density branch in Moscardini 2018."
P321,tdem_published_hydrostatic_stress_range,ceramic breeder TDEM RVE,"0.025-5",extracted,MPa,Influence of bed conditions on the effective thermal conductivity of ceramic breeder pebble beds using thermal DEM (TDEM),https://doi.org/10.1016/j.fusengdes.2020.111767,published_simulation_envelope,"Table 2 investigated hydrostatic-stress envelope."
P322,tdem_published_pebble_radius_range,ceramic breeder TDEM RVE,"100-1000",extracted,um,Influence of bed conditions on the effective thermal conductivity of ceramic breeder pebble beds using thermal DEM (TDEM),https://doi.org/10.1016/j.fusengdes.2020.111767,published_simulation_envelope,"Table 2 investigated pebble-radius envelope."
P323,tdem_published_bed_temperature_range,ceramic breeder TDEM RVE,"25-800",extracted,degC,Influence of bed conditions on the effective thermal conductivity of ceramic breeder pebble beds using thermal DEM (TDEM),https://doi.org/10.1016/j.fusengdes.2020.111767,published_simulation_envelope,"Table 2 investigated bed-temperature envelope."
P324,tdem_published_stagnant_gas_pressure_range,ceramic breeder TDEM RVE,"100-1000000",extracted,Pa,Influence of bed conditions on the effective thermal conductivity of ceramic breeder pebble beds using thermal DEM (TDEM),https://doi.org/10.1016/j.fusengdes.2020.111767,published_simulation_envelope,"Table 2 investigated gas-pressure envelope."
P325,tdem_published_packing_fraction_range,ceramic breeder TDEM RVE,"0.61-0.65",extracted,dimensionless,Influence of bed conditions on the effective thermal conductivity of ceramic breeder pebble beds using thermal DEM (TDEM),https://doi.org/10.1016/j.fusengdes.2020.111767,published_simulation_envelope,"Table 2 investigated packing-fraction envelope."
P326,wang2020_Li2TiO3_bed_packing_factor,Li2TiO3 experimental pebble bed,0.646,extracted,dimensionless,Experimental measurements for the effective thermal conductivity of pebble beds with uncertainty analysis,https://doi.org/10.1016/j.fusengdes.2020.111707,published_experimental_condition,"Section 2.2 reports a measured Li2TiO3 bed packing factor of 64.6 percent."
P327,wang2020_ETC_expanded_uncertainty,ceramic breeder hot-wire experiment,5.5,extracted,percent_at_95pct_confidence,Experimental measurements for the effective thermal conductivity of pebble beds with uncertainty analysis,https://doi.org/10.1016/j.fusengdes.2020.111707,published_measurement_uncertainty,"The uncertainty analysis reports approximately 5.5 percent expanded uncertainty at 95 percent confidence."
P328,wang2020_Li2TiO3_helium_ETC_temperature_endpoints,Li2TiO3 experimental pebble bed,"20C:0.83;400C:0.96",extracted,"degC;W/m/K",Experimental measurements for the effective thermal conductivity of pebble beds with uncertainty analysis,https://doi.org/10.1016/j.fusengdes.2020.111707,published_experimental_endpoints,"Section 5 and the conclusion report the stagnant-helium ETC increase from 0.83 to 0.96 W/m/K between room temperature and 400 degC."
P329,pupeschi2017_20LMT_material_composition,advanced ceramic breeder,"Li4SiO4+20mol%Li2TiO3",extracted,composition,Effective thermal conductivity of advanced ceramic breeder pebble beds,https://doi.org/10.1016/j.fusengdes.2017.01.044,published_experimental_material,"Table 1 composition. This is not pure Li2TiO3 and can only provide gas/compression trend support."
P330,pupeschi2017_20LMT_experimental_envelope,advanced ceramic breeder,"air:RT-600C;helium:RT-700C;stress:0/6MPa;pressure:0.12/0.2/0.4MPa",extracted,"degC;MPa",Effective thermal conductivity of advanced ceramic breeder pebble beds,https://doi.org/10.1016/j.fusengdes.2017.01.044,published_experimental_envelope,"Table 1 and Methods. The material is a Li4SiO4-Li2TiO3 composite and must not supply pure-Li2TiO3 absolute ETC values."
P331,panchal2020_Li2TiO3_pebble_diameter,Li2TiO3 transient hot-wire bed,"1 plus/minus 0.15",extracted,mm,Measurement of effective thermal conductivity of lithium metatitanate pebble bed by transient hot-wire technique,https://doi.org/10.1016/j.fusengdes.2020.111718,published_experimental_condition,"Abstract and Section 2.3 report the 0.85-1.15 mm diameter distribution."
P332,panchal2020_Li2TiO3_bed_packing_fraction,Li2TiO3 transient hot-wire bed,0.63,extracted,dimensionless,Measurement of effective thermal conductivity of lithium metatitanate pebble bed by transient hot-wire technique,https://doi.org/10.1016/j.fusengdes.2020.111718,published_experimental_condition,"Abstract and Section 2.3 report approximately 63 percent after manual vibration. No applied compressive stress is reported."
P333,panchal2020_filling_gas_pressure_range,Li2TiO3 transient hot-wire bed,"0.105-0.4",extracted,MPa_abs,Measurement of effective thermal conductivity of lithium metatitanate pebble bed by transient hot-wire technique,https://doi.org/10.1016/j.fusengdes.2020.111718,published_experimental_envelope,"Abstract and conclusions report the absolute pressure range for helium and air."
P334,panchal2020_helium_ETC_correlation_0p4MPa,Li2TiO3 transient hot-wire bed,"k_eff=0.7888+0.0007*T_C;35<=T_C<=800",extracted,W/m/K,Measurement of effective thermal conductivity of lithium metatitanate pebble bed by transient hot-wire technique,https://doi.org/10.1016/j.fusengdes.2020.111718,published_empirical_correlation,"Page 8 empirical correlation fitted to averaged measurements at 0.4 MPa helium."
P335,panchal2020_helium_ETC_correlation_0p3MPa,Li2TiO3 transient hot-wire bed,"k_eff=0.7766+0.0007*T_C;35<=T_C<=800",extracted,W/m/K,Measurement of effective thermal conductivity of lithium metatitanate pebble bed by transient hot-wire technique,https://doi.org/10.1016/j.fusengdes.2020.111718,published_empirical_correlation,"Page 8 empirical correlation fitted to averaged measurements at 0.3 MPa helium."
P336,panchal2020_helium_ETC_correlation_0p2MPa,Li2TiO3 transient hot-wire bed,"k_eff=0.7686+0.0006*T_C;35<=T_C<=800",extracted,W/m/K,Measurement of effective thermal conductivity of lithium metatitanate pebble bed by transient hot-wire technique,https://doi.org/10.1016/j.fusengdes.2020.111718,published_empirical_correlation,"Page 8 empirical correlation fitted to averaged measurements at 0.2 MPa helium."
P337,panchal2020_helium_ETC_correlation_0p105MPa,Li2TiO3 transient hot-wire bed,"k_eff=0.7394+0.0006*T_C;35<=T_C<=800",extracted,W/m/K,Measurement of effective thermal conductivity of lithium metatitanate pebble bed by transient hot-wire technique,https://doi.org/10.1016/j.fusengdes.2020.111718,published_empirical_correlation,"Page 8 empirical correlation fitted to averaged measurements at 0.105 MPa helium."
P338,panchal2020_air_ETC_correlation,Li2TiO3 transient hot-wire bed,"k_eff=0.2784+0.0006*T_C;0.105<=p_air<=0.4;30<=T_C<=700",extracted,W/m/K,Measurement of effective thermal conductivity of lithium metatitanate pebble bed by transient hot-wire technique,https://doi.org/10.1016/j.fusengdes.2020.111718,published_empirical_correlation,"Page 8 reports no clear air-pressure influence over the stated range and supplies one temperature correlation."
P339,panchal2020_temperature_support_by_gas,Li2TiO3 transient hot-wire bed,"helium:35-800;air:30-700",extracted,degC,Measurement of effective thermal conductivity of lithium metatitanate pebble bed by transient hot-wire technique,https://doi.org/10.1016/j.fusengdes.2020.111718,published_experimental_envelope,"Page 8 states the validity ranges of the empirical correlations."
P340,panchal2020_helium_table_uncertainty_range,Li2TiO3 transient hot-wire bed,"1.44-1.69",extracted,percent,Measurement of effective thermal conductivity of lithium metatitanate pebble bed by transient hot-wire technique,https://doi.org/10.1016/j.fusengdes.2020.111718,published_measurement_uncertainty,"Tables 3-6 report pointwise uncertainty for 36 helium measurements; the minimum is 1.44 percent and the maximum is 1.69 percent."
P341,desu2019_ANN_Li2TiO3_Young_modulus,Li2TiO3 ANN/RN model pebble,90,conflicting_published,GPa,Artificial neural network-based prediction of effective thermal conductivity of a granular bed in a gaseous environment,https://doi.org/10.1007/s40571-019-00228-1,published_mechanical_property,"Table 1 visibly assigns 90 GPa to Lithium Metatitanate, conflicting with P318 from the same group one year later. Neither branch is silently selected as material truth."
P342,desu2019_ANN_Li4SiO4_Young_modulus,Li4SiO4 ANN/RN model pebble,200,conflicting_published,GPa,Artificial neural network-based prediction of effective thermal conductivity of a granular bed in a gaseous environment,https://doi.org/10.1007/s40571-019-00228-1,published_mechanical_property,"Table 1 visibly assigns 200 GPa to Lithium Orthosilicate; the 2020 TDEM paper assigns 90 GPa. This paired reversal is retained as a source conflict."
P343,desu2019_ANN_architecture,granular-bed ETC surrogate,"11 inputs; hidden layers 10/10/1; 1 output",extracted,neurons,Artificial neural network-based prediction of effective thermal conductivity of a granular bed in a gaseous environment,https://doi.org/10.1007/s40571-019-00228-1,published_algorithm_architecture,"Section 3.1.2 and Figure 7. This is a classical ANN baseline architecture, not an automatically adopted architecture for the present project."
P344,desu2019_ANN_random_data_split,granular-bed ETC surrogate,"60 training;20 testing;20 validation",extracted,percent,Artificial neural network-based prediction of effective thermal conductivity of a granular bed in a gaseous environment,https://doi.org/10.1007/s40571-019-00228-1,published_algorithm_protocol,"Section 3.1.2. The random split is retained only as a historical baseline; the present project requires physical holdouts."
P345,desu2019_DEM_initial_packing_fractions,periodic ceramic breeder RVE,"0.61/0.62/0.63/0.64",extracted,dimensionless,Artificial neural network-based prediction of effective thermal conductivity of a granular bed in a gaseous environment,https://doi.org/10.1007/s40571-019-00228-1,published_simulation_design,"Section 3.1.1 uses four initial packing fractions before uniaxial compression."
P346,desu2019_DEM_particle_count,periodic ceramic breeder RVE,5000,extracted,particles,Artificial neural network-based prediction of effective thermal conductivity of a granular bed in a gaseous environment,https://doi.org/10.1007/s40571-019-00228-1,published_model_discretization,"Section 3.1.1 uses a periodic RVE with 5000 monosized particles."
P347,desu2019_DEM_uniaxial_compression_limit,periodic ceramic breeder RVE,6,extracted,MPa,Artificial neural network-based prediction of effective thermal conductivity of a granular bed in a gaseous environment,https://doi.org/10.1007/s40571-019-00228-1,published_simulation_envelope,"Section 3.1.1 compresses the RVE uniaxially to 6 MPa."
P348,gan2010_Li4SiO4_friction_coefficient,Li4SiO4 mechanical DEM,0.1,author_assumed_unmeasured,dimensionless,Discrete element modelling of pebble beds: With application to uniaxial compression tests of ceramic breeder pebble beds,https://doi.org/10.1016/j.jmps.2009.10.009,published_model_assumption,"Section 4.1 explicitly states that 0.1 was selected because experimental friction data were lacking. It is not transferred to Li2TiO3 truth."
P349,gan2010_periodic_RCP_packing_fraction_groups,Li4SiO4 periodic RVE,"low:0.633-0.635;medium:0.637-0.639;high:0.640-0.644",extracted,dimensionless,Discrete element modelling of pebble beds: With application to uniaxial compression tests of ceramic breeder pebble beds,https://doi.org/10.1016/j.jmps.2009.10.009,published_simulation_design,"Section 4.1 uses the Jodrey-Tory algorithm and 5000 monodisperse particles. These are geometric support values, not Li2TiO3 material constants."
P350,gan2010_quasistatic_convergence_controls,Li4SiO4 periodic DEM,"dfmin=5e-4 N;a0=5e-4;K0=1e-12 J_per_particle_average;Zd=5e4 1/s;ZD=5e4 1/s",extracted,"N;dimensionless;J_per_particle_average;1/s",Discrete element modelling of pebble beds: With application to uniaxial compression tests of ceramic breeder pebble beds,https://doi.org/10.1016/j.jmps.2009.10.009,published_numerical_controls,"Table 1 and Eqs. 19-21. K is explicitly the average kinetic energy over N particles. The force criterion is max(dfmin,a0*fave); current open gates conservatively use dfmin alone until average contact force is exported."
P351,sharma2025_Li2TiO3_porosity_Young_modulus_relation,Li2TiO3 porous ceramic,"E_GPa=266.8*(1-epsilon)*(1-1.2*epsilon)^2;0.1<=epsilon<=0.3",extracted,GPa,Manufacturing Li2TiO3-based tritium breeder materials by volume-controlled spark plasma sintering,https://doi.org/10.1016/j.jeurceramsoc.2025.117297,published_empirical_relation,"Equation 7 as cited from Gierszewski et al. The porosity support is explicit; use outside 0.1-0.3 is forbidden."
P352,sharma2025_Li2TiO3_measured_elastic_modulus,Li2TiO3 nanocrystalline SPS pellets,"density79.6pct:193.6 plus/minus 4.1;density86.3pct:204.8 plus/minus 5.0",extracted,GPa,Manufacturing Li2TiO3-based tritium breeder materials by volume-controlled spark plasma sintering,https://doi.org/10.1016/j.jeurceramsoc.2025.117297,published_nanoindentation_result,"Table 2. These SPS nanocrystalline pellets provide independent plausibility support near 200 GPa but are not identical to the breeder pebble batches used by Desu or TESOMEX."
P353,he2023_Li2TiO3_cyclic_bed_test_envelope,Li2TiO3 pebble-bed cyclic compression,"diameter=0.47/0.99 mm;load=4/6/8 MPa",extracted,"mm;MPa",Experimental Study on Mechanical Characteristics of Li2TiO3 Pebble Beds Under Cyclic Loading,https://doi.org/10.1080/15361055.2023.2181045,published_experimental_envelope,"Abstract reports two pebble sizes and three cyclic load levels. Full numerical curves are not locally available and are not digitized or used as labels."
P354,openmc_pack_spheres_initial_packing_fraction,OpenMC random sphere packing algorithm,0.3,software_default,dimensionless,OpenMC 0.15.3 pack_spheres documentation,https://docs.openmc.org/en/stable/_modules/openmc/model/triso.html,published_software_default,"The official stable implementation uses 0.3 as the random-sequential initialization default before Jodrey-Tory close packing. It is a geometry-algorithm setting, not a material parameter."
P355,gan2010_explicit_stability_factor,periodic ceramic breeder DEM,0.4,extracted,dimensionless,Discrete element modelling of pebble beds: With application to uniaxial compression tests of ceramic breeder pebble beds,https://doi.org/10.1016/j.jmps.2009.10.009,published_numerical_control,"Section 2.1 sets f_t=0.4 in dt=2*f_t*sqrt(m_min/K_max) and reports a typical time step around 1e-7 s."
P356,moscardini2018_Boltzmann_constant,Smoluchowski mean-free-path equation,1.38e-23,extracted,J/K,Discrete element method for effective thermal conductivity of packed pebbles accounting for the Smoluchowski effect,https://doi.org/10.1016/j.fusengdes.2018.01.013,published_equation_constant,"Equation 13 explicitly uses k_B=1.38e-23 J/K. It is recorded so the implementation contains no hidden numerical physical constant."
P357,moscardini2018_Li2TiO3_molar_mass,Li2TiO3 gas-solid accommodation model,109.76,extracted,g/mol,Discrete element method for effective thermal conductivity of packed pebbles accounting for the Smoluchowski effect,https://doi.org/10.1016/j.fusengdes.2018.01.013,published_material_property,"Table 3 reports the Li2TiO3 molar mass used with the Goodman gas-solid thermal accommodation relation."
P358,gan2010_container_RCP_contraction_rate_range,random-close-packing algorithm,"1e-5 to 1e-3",extracted,dimensionless,Computer simulation of packing structure in pebble beds,https://doi.org/10.1016/j.fusengdes.2010.05.042,published_algorithm_envelope,"Section 3 varies the Jodrey-Tory contraction-rate parameter over this range for N=5000 periodic samples. This is an algorithm parameter, not a material property."
P359,gan2010_cylindrical_container_validation_geometry,rigid-wall mono-sized sphere bed,"d=2.3;D=48.9;H=46.3;N=8421;packing_fraction=0.617",extracted,"mm;particles;dimensionless",Computer simulation of packing structure in pebble beds,https://doi.org/10.1016/j.fusengdes.2010.05.042,published_container_validation_case,"Section 4 reports the non-compressed X-ray-tomography comparison geometry and computes N from the measured packing fraction and container volume."
P360,gan2010_cylindrical_container_contraction_rate,rigid-wall mono-sized sphere bed,3.5e-4,extracted,dimensionless,Computer simulation of packing structure in pebble beds,https://doi.org/10.1016/j.fusengdes.2010.05.042,published_container_validation_algorithm_parameter,"Section 4.2 reports that the 61.7 percent validation packing was obtained with contraction rate kappa=3.5e-4."
P361,gan2010_coordination_search_shell,rigid-wall mono-sized sphere bed,"delta=0.025;coordination_peak=7;coordination_range=2-12",extracted,dimensionless,Computer simulation of packing structure in pebble beds,https://doi.org/10.1016/j.fusengdes.2010.05.042,published_structure_validation_definition,"Section 4.2 states that exact hard-sphere RCP contacts are initially zero and defines neighbours using rS=(1+delta)r0 with delta=0.025; Figure 7 gives the reported distribution."
P362,gan2010_rigid_wall_overlap_rule,arbitrary pebble-bed container,"monitor wall overlap and shift the particle inward opposite to the surface normal",extracted,algorithm_rule,Computer simulation of packing structure in pebble beds,https://doi.org/10.1016/j.fusengdes.2010.05.042,published_container_algorithm,"Section 4.1 defines the rigid-wall modification as an additional step independent of the original worst particle-particle overlap removal."
P363,gan2010_container_validation_gravity_boundary,rigid-wall mono-sized sphere bed,"gravity absent; simulated vertical packing profile differs from experiment",extracted,limitation,Computer simulation of packing structure in pebble beds,https://doi.org/10.1016/j.fusengdes.2010.05.042,published_validation_limitation,"Section 4.2 explicitly attributes top-bottom asymmetry differences to the absence of gravity. Gravity-free container RCP must not be presented as a settled experimental bed."
P364,desu2020_figure3_initial_packing_fraction_and_conditions,Li2TiO3 periodic TDEM RVE,"initial_PF=0.611/0.621/0.631/0.636/0.642;T=25;d=1",extracted,"dimensionless;degC;mm",Influence of bed conditions on the effective thermal conductivity of ceramic breeder pebble beds using thermal DEM (TDEM),https://doi.org/10.1016/j.fusengdes.2020.111767,published_figure_condition,"Figure 3 legend lists the five initial packing fractions; the caption specifies LMT in helium at 25 degC and 1 mm diameter. The caption prints 10^5 bar, which conflicts with the paper's own pressure envelope and Figure 9; P365 preserves the cross-figure pressure reconciliation."
P365,desu2020_figure3_pressure_cross_figure_reconciliation,Li2TiO3 periodic TDEM RVE,"printed_Fig3_caption=1e5_bar;Section3.1=1e5_Pa;Fig9_in_panel=1e5_Pa;adopted_for_regression=1e5_Pa",conflicting_published,Pa,Influence of bed conditions on the effective thermal conductivity of ceramic breeder pebble beds using thermal DEM (TDEM),https://doi.org/10.1016/j.fusengdes.2020.111767,cross_figure_unit_reconciliation,"The Figure 3 caption's 10^5 bar lies outside Table 2's 100 Pa-1 MPa range. Section 3.1 explicitly states 10^5 Pa for Figure 3 and Figure 9 independently labels P=10^5 Pa. Calculations therefore use the twice-supported 10^5 Pa condition while retaining the caption conflict in metadata."
P366,desu2020_helium_bulk_thermal_conductivity,stagnant helium in Li2TiO3 TDEM,"Kf=3.366e-3*T_K^0.668",extracted,W/m/K,Influence of bed conditions on the effective thermal conductivity of ceramic breeder pebble beds using thermal DEM (TDEM),https://doi.org/10.1016/j.fusengdes.2020.111767,published_property_correlation,"Table 3 gives the helium bulk thermal-conductivity correlation and states that T is in K. The expression is used exactly as printed; no coefficient is fitted."
P367,desu2020_helium_kinetic_molecular_diameter,stagnant helium in Li2TiO3 TDEM,2.15e-10,extracted,m,Influence of bed conditions on the effective thermal conductivity of ceramic breeder pebble beds using thermal DEM (TDEM),https://doi.org/10.1016/j.fusengdes.2020.111767,published_gas_property,"Table 3 gives the helium kinetic molecular diameter used by the Smoluchowski correction."
P368,desu2020_helium_molar_mass,stagnant helium in Li2TiO3 TDEM,4,extracted,g/mol,Influence of bed conditions on the effective thermal conductivity of ceramic breeder pebble beds using thermal DEM (TDEM),https://doi.org/10.1016/j.fusengdes.2020.111767,published_gas_property,"Table 3 gives the helium molar mass used by the gas-solid thermal accommodation relation. This rounded paper value is retained for exact model reproduction; it is separate from the NIST standard molar mass in P068."
P369,desu2020_Li2TiO3_solid_internal_porosity,Li2TiO3 model pebble,0.1,extracted,dimensionless,Influence of bed conditions on the effective thermal conductivity of ceramic breeder pebble beds using thermal DEM (TDEM),https://doi.org/10.1016/j.fusengdes.2020.111767,published_solid_property_branch,"Table 3 prints the LMT conductivity relation with 0.9 and 0.1 factors, corresponding to a fixed internal pebble porosity of 0.1. This is distinct from the approximately 0.08 branch in Moscardini 2018 P308."
P370,desu2020_Li2TiO3_solid_thermal_conductivity,Li2TiO3 model pebble,"[(1-p)/(1+(1.06-2.88e-4*T_K)*p)]*(4.77-5.11e-3*T_K+3.12e-6*T_K^2);p=0.1",extracted,W/m/K,Influence of bed conditions on the effective thermal conductivity of ceramic breeder pebble beds using thermal DEM (TDEM),https://doi.org/10.1016/j.fusengdes.2020.111767,published_property_correlation,"Table 3 LMT conductivity branch. T is in K and p is fixed by P369; no coefficient is fitted."
P371,desu2020_Li2TiO3_molar_mass,Li2TiO3 model pebble,109.76,extracted,g/mol,Influence of bed conditions on the effective thermal conductivity of ceramic breeder pebble beds using thermal DEM (TDEM),https://doi.org/10.1016/j.fusengdes.2020.111767,published_solid_property,"Table 3 gives the LMT molar mass used by the gas-solid thermal accommodation relation. It numerically agrees with P357 but preserves exact-paper provenance for Figure 3 regression."
P372,desu2019_gan2010_periodic_mechanical_boundary,5000-particle ceramic breeder RVE,"initial RCP periodic in x/y/z; uniaxial z cell strain; lateral periodic boundaries",extracted,boundary_contract,Artificial neural network-based prediction of effective thermal conductivity of a granular bed in a gaseous environment,https://doi.org/10.1007/s40571-019-00228-1,published_mechanical_boundary,"Figure 6 labels PBC in all directions. Section 3.1.1 applies uniaxial compression with periodic lateral boundaries. Gan and Kamlah 2010 Section 3.1 defines periodic-cell strain increments rather than rigid loading walls for the bulk RVE."
P373,desu2019_thermal_boundary_contract,periodic ceramic breeder RVE,"fixed temperature on top and bottom particle layers in loading direction; adiabatic/periodic lateral directions",extracted,boundary_contract,Artificial neural network-based prediction of effective thermal conductivity of a granular bed in a gaseous environment,https://doi.org/10.1007/s40571-019-00228-1,published_thermal_boundary,"Sections 2 and 3.1.1 define fixed temperatures in the loading direction and PBC/adiabatic conditions in the other two directions. The thermal network must not retain a z-periodic short circuit."
P374,gan2010_ceramic_pebble_friction_coefficient,Li4SiO4 periodic pebble RVE,0.1,extracted,dimensionless,Discrete element modelling of pebble beds: With application to uniaxial compression tests of ceramic breeder pebble beds,https://doi.org/10.1016/j.jmps.2009.10.004,published_structural_uncertainty_parameter,"Section 4 sets friction coefficient 0.1 because experimental data were unavailable and notes that friction/rolling resistance can jam the assembly. This value is not a Li2TiO3 material constant; it is admitted only as a cross-material mechanical-family stress test."
P375,tesomex_thermocouple_probe_count,TESOMEX ceramic breeder pebble-bed experiment,12,extracted,thermocouples,Investigation of Ceramic Breeder Pebble Beds Thermo-mechanics with Volumetric Heating and Temperature Gradients Representative of the Fusion Nuclear Environment,https://escholarship.org/uc/item/8bw768p3,published_experimental_observation_design,"Dissertation Figure 4.13 and Section 4.2.3 state that 12 thermocouples are used to minimize packing and heat-transfer disturbance. This is an observation-budget source, not a current graph-node coordinate."
P376,tesomex_temperature_measurement_count,TESOMEX ceramic breeder pebble-bed experiment,40,extracted,temperature_measurements,Investigation of Ceramic Breeder Pebble Beds Thermo-mechanics with Volumetric Heating and Temperature Gradients Representative of the Fusion Nuclear Environment,https://escholarship.org/uc/item/8bw768p3,published_experimental_observation_design,"Figure 4.13 prints '12 thermocouples -> 40 measurements'. It supports a sparse-observation budget but does not provide 40 machine-readable 3D coordinates."
P377,tesomex_secondary_measurement_plane_offset,TESOMEX ceramic breeder pebble-bed experiment,5,extracted,cm,Investigation of Ceramic Breeder Pebble Beds Thermo-mechanics with Volumetric Heating and Temperature Gradients Representative of the Fusion Nuclear Environment,https://escholarship.org/uc/item/8bw768p3,published_experimental_observation_geometry,"Page 63 states that most temperature measurements lie on a central plane and that gravity/resettling is assessed on a second plane 5 cm above in the poloidal direction. The absolute module geometry must be supplied before transferring this offset."
P378,tesomex_symmetric_temperature_probe_rule,TESOMEX ceramic breeder pebble-bed experiment,"three symmetric pairs about radial, poloidal and toroidal axes",extracted,observation_geometry_rule,Investigation of Ceramic Breeder Pebble Beds Thermo-mechanics with Volumetric Heating and Temperature Gradients Representative of the Fusion Nuclear Environment,https://escholarship.org/uc/item/8bw768p3,published_experimental_observation_geometry,"Page 62 and Figure 4.13 define the symmetry-check principle. The schematic is not digitized as exact coordinates because no numerical coordinate table is supplied."
P379,cheng2024_helium_purity,randomly packed fixed pebble-bed hydraulic experiment,99.99,extracted,percent,Experimental Investigation on Pressure Drops of Purge Gas Helium in Packed Pebble Beds for Nuclear Fusion Blanket,https://doi.org/10.3390/en17061309,published_experimental_hydraulic_condition,"Section 2.2 reports helium purity of 99.99 percent. This hydraulic condition does not transfer the stainless-steel solid properties to Li2TiO3."
P380,cheng2024_pressure_test_inlet_pressure_range,randomly packed fixed pebble-bed hydraulic experiment,"0.1 to 0.2",extracted,MPa,Experimental Investigation on Pressure Drops of Purge Gas Helium in Packed Pebble Beds for Nuclear Fusion Blanket,https://doi.org/10.3390/en17061309,published_experimental_hydraulic_condition,"Section 2.3 reports the controlled inlet-pressure range. The paper does not assign an exact inlet pressure to each Figure 6 point, so the range cannot be collapsed to a single value."
P381,cheng2024_pressure_test_bed_geometry,randomly packed fixed pebble-bed hydraulic experiment,"D=28;L=600;dp=1",extracted,mm,Experimental Investigation on Pressure Drops of Purge Gas Helium in Packed Pebble Beds for Nuclear Fusion Blanket,https://doi.org/10.3390/en17061309,published_experimental_hydraulic_geometry,"Table 2 and Section 3.1 specify the 28 mm inner diameter, 600 mm bed length and 1 mm pebbles used for the reported axial pressure-loss points."
P382,cheng2024_pressure_test_packing_fraction,randomly packed fixed pebble-bed hydraulic experiment,0.627,extracted,dimensionless,Experimental Investigation on Pressure Drops of Purge Gas Helium in Packed Pebble Beds for Nuclear Fusion Blanket,https://doi.org/10.3390/en17061309,published_experimental_hydraulic_structure,"Section 3.1 and Figure 6 report packing fraction 0.627 for the 28 mm bed with 1 mm pebbles; corresponding porosity is the deterministic complement 0.373."
P383,cheng2024_axial_pressure_points_u05,randomly packed fixed pebble-bed hydraulic experiment,"z_mm=150,550;deltaP_kPa=1.15,6.036;u=0.5",extracted,"mm;kPa;m/s",Experimental Investigation on Pressure Drops of Purge Gas Helium in Packed Pebble Beds for Nuclear Fusion Blanket,https://doi.org/10.3390/en17061309,published_experimental_hydraulic_points,"Section 3.1 prints the two axial pressure-loss values at superficial velocity 0.5 m/s. They support a measured spatial-gradient check without curve digitization."
P384,cheng2024_axial_pressure_points_u10,randomly packed fixed pebble-bed hydraulic experiment,"z_mm=150,350,550;deltaP_kPa=2.50,7.829,13.806;u=1.0",extracted,"mm;kPa;m/s",Experimental Investigation on Pressure Drops of Purge Gas Helium in Packed Pebble Beds for Nuclear Fusion Blanket,https://doi.org/10.3390/en17061309,published_experimental_hydraulic_points,"Section 3.1 prints three axial pressure-loss values at superficial velocity 1.0 m/s. They support a measured spatial-gradient and axial-linearity check without curve digitization."
P385,cheng2024_modified_ergun_constants,randomly packed fixed pebble-bed hydraulic experiment,"k1=147;k2=3",calibrated_published,dimensionless,Experimental Investigation on Pressure Drops of Purge Gas Helium in Packed Pebble Beds for Nuclear Fusion Blanket,https://doi.org/10.3390/en17061309,published_experimental_fit,"Section 3.2 reports constants adjusted to the authors' experiment. They are retained as a same-source implementation-reproduction reference and must not be called independent validation."
P386,cheng2024_pressure_points_temperature_descriptor,randomly packed fixed pebble-bed hydraulic experiment,room temperature,extracted,descriptor,Experimental Investigation on Pressure Drops of Purge Gas Helium in Packed Pebble Beds for Nuclear Fusion Blanket,https://doi.org/10.3390/en17061309,published_experimental_hydraulic_condition,"Section 2.2 identifies the pressure-drop measurements as room-temperature tests but does not give a point-level numerical temperature. No numerical room-temperature value may be invented for absolute-pressure prediction."
P387,cheng2024_pressure_test_solid_material,randomly packed fixed pebble-bed hydraulic experiment,304 stainless steel,extracted,material,Experimental Investigation on Pressure Drops of Purge Gas Helium in Packed Pebble Beds for Nuclear Fusion Blanket,https://doi.org/10.3390/en17061309,published_experimental_material_boundary,"Section 2.2 explicitly states that 304 stainless-steel pebbles were used instead of breeder ceramic or beryllium pebbles. The points are admitted only as an external fixed-bed helium hydraulic benchmark, not Li2TiO3 thermal validation."
P388,hccb_helium_specific_heat_capacity,Chinese HCCB TBM Li4SiO4 packed bed,5200,extracted,J/kg/K,Macroscopic transport characteristics in packed bed with a multi-physics inversion strategy for solid breeding blanket of HCCB TBM,https://doi.org/10.1016/j.applthermaleng.2024.123114,published_material_property,"Table 2 gives helium Cp=5200 J kg-1 K-1 for the pore-scale and packed-bed calculations."
P389,hccb_helium_density_correlation,Chinese HCCB TBM Li4SiO4 packed bed,"rho_f=480.19*p_MPa/T_K",extracted,kg/m3,Macroscopic transport characteristics in packed bed with a multi-physics inversion strategy for solid breeding blanket of HCCB TBM,https://doi.org/10.1016/j.applthermaleng.2024.123114,published_property_correlation,"Table 2 gives rho_f=480.19 p/T. The pressure argument is in MPa and temperature is in K, consistent with the reported 0.12 MPa working condition and helium density scale."
P390,hccb_reconstructed_packed_region_dimensions,Chinese HCCB TBM Li4SiO4 packed bed,"12.5dp x 12.5dp x 10dp; inlet channel=10dp; outlet extension=10dp",extracted,dimensionless_geometry,Macroscopic transport characteristics in packed bed with a multi-physics inversion strategy for solid breeding blanket of HCCB TBM,https://doi.org/10.1016/j.applthermaleng.2024.123114,published_geometry,"Section 2.1 states that a 12.5dp x 12.5dp x 10dp portion is extracted and reconstructed with 10dp inlet and outlet channels. Figure 11 is plotted on X=6.25dp, so the benchmark flow direction is the 10dp dimension."
P391,hccb_pore_scale_u020_T700_reference,Chinese HCCB TBM Li4SiO4 packed bed,"u_in=0.20;T_in=700;deltaP=87;Tmax=897",extracted,"m/s;K;Pa;K",Macroscopic transport characteristics in packed bed with a multi-physics inversion strategy for solid breeding blanket of HCCB TBM,https://doi.org/10.1016/j.applthermaleng.2024.123114,published_pore_scale_reference,"Figure 11 caption and Section 4.1 report the pore-scale case at u_in=0.20 m/s and T_in=700 K, with a pressure drop of 87 Pa and maximum temperature of 897 K."
P392,hccb_thermal_boundary_contract,Chinese HCCB TBM Li4SiO4 packed bed,"one cooling wall T=635 K from packed bed through outlet; its inlet-channel continuation T=T_in; remaining transverse faces=symmetry",extracted,boundary_contract,Macroscopic transport characteristics in packed bed with a multi-physics inversion strategy for solid breeding blanket of HCCB TBM,https://doi.org/10.1016/j.applthermaleng.2024.123114,published_boundary_condition,"Section 2.2 states that the cooling wall is fixed at 635 K from the packed bed to the outlet channel, while its inlet-channel continuation is set to the helium inlet temperature. Figure 5 and the companion CET 2024 Figure 2 identify the remaining transverse faces as symmetry boundaries."
P393,li2tio3_unitary_pressure_cases,Li2TiO3 purge-flow pressure drop cases,"T0:dp=0.99+/-0.1 mm,PF=0.615,T=20 degC,p=100-300 kPa;T1:dp=1.2+/-0.2 mm,PF=0.597,T=22 degC,p=100-300 kPa",extracted,mixed,Measurement of pressure drop of purge gas flow in unitary and binary pebble beds,https://doi.org/10.1016/j.fusengdes.2024.114434,published_experimental_conditions,"Table 2 reports the two Li2TiO3 unitary-bed cases. The nominal diameters are used for the deterministic correlation reproduction; diameter uncertainties remain explicit experimental support."
P394,li2tio3_unitary_friction_factor_fits,Li2TiO3 purge-flow pressure drop cases,"T0 and G5 at PF about 0.615:f_E=171/Re_E+1.95;T1 and G5#2 at PF about 0.60:f_E=164/Re_E+1.95",calibrated_published,dimensionless,Measurement of pressure drop of purge gas flow in unitary and binary pebble beds,https://doi.org/10.1016/j.fusengdes.2024.114434,published_same_source_fit,"Section 3.1 and Figures 6-7 report the two fitted lines. They are used only to reproduce the published correlation coefficients, not as an independent validation set."
P395,li2tio3_pressure_measurement_uncertainty,purge gas pressure-drop experiment,"pressure transmitters=0.1%;mass flow controllers=1%",extracted,percent,Measurement of pressure drop of purge gas flow in unitary and binary pebble beds,https://doi.org/10.1016/j.fusengdes.2024.114434,published_instrument_uncertainty,"Section 2 reports the pressure-transmitter and mass-flow-controller errors. These are measurement metadata and are not converted into artificial training noise."
P396,li2tio3_unitary_correlation_reported_error,Li2TiO3 purge-flow pressure drop cases,most experimental comparisons below 5%,extracted,reported_validation_boundary,Measurement of pressure drop of purge gas flow in unitary and binary pebble beds,https://doi.org/10.1016/j.fusengdes.2024.114434,published_validation_statement,"Section 3.1 states that Eq. 10 gives errors below 5 percent for most T0/T1 experimental data. Raw point coordinates are not tabulated, so this statement is retained as a source-reported boundary rather than re-created pointwise validation."
P397,low_re_particle_gas_nusselt_correlation,packed spherical-particle bed,"Nu=(7-10*epsilon+5*epsilon^2)*(1+0.1*Re^0.2*Pr^(1/3))+(1.33-2.19*epsilon+1.15*epsilon^2)*Re^0.7*Pr^(1/3);0<Re<100",extracted,dimensionless,A novel DEM-based pore-scale thermal-hydro-mechanical model for fractured non-saturated porous materials,https://doi.org/10.1007/s11440-022-01746-8,published_low_Re_interphase_closure,"Equation 43 gives the porosity-dependent particle-fluid Nusselt relation and states the 0<Re<100 branch. It is admitted only as a cross-source low-Re coupling closure; it is not a Li2TiO3 breeder-bed calibration."
P398,low_re_particle_gas_htc_definition,packed spherical-particle bed,h_sf=Nu*k_f/d_p,extracted,W/m2/K,A novel DEM-based pore-scale thermal-hydro-mechanical model for fractured non-saturated porous materials,https://doi.org/10.1007/s11440-022-01746-8,published_interphase_definition,"Equation 45 defines the convective coefficient from Nusselt number and particle diameter. The present stress test uses the source-backed HCCB helium conductivity P071 for k_f and records that cross-source composition explicitly."
P399,low_re_particle_gas_closure_claim_boundary,packed spherical-particle bed,"closure candidate for 0<Re<100; same-material breeder validation absent",extracted,claim_boundary,A novel DEM-based pore-scale thermal-hydro-mechanical model for fractured non-saturated porous materials,https://doi.org/10.1007/s11440-022-01746-8,scope_boundary,"The relation supplies a mature low-Re algorithmic closure only. It cannot by itself validate Li2TiO3-He interphase heat transfer, wall effects, or reactor blanket performance."
P400,internal_heat_source_low_re_modified_model_boundary,solid-breeder packed bed with internal heat source,"modified heat-transfer model for Re_p,AVE<1.8; 87 percent of predictions within +/-30 percent of pore-scale simulations",extracted,reported_validation_boundary,Pore-scale simulation on flow and heat transfer characteristics in packed beds with internal heat sources at low Reynolds numbers,https://doi.org/10.1016/j.ijheatmasstransfer.2023.124325,published_target_context_boundary,"The complete publisher PDF is now present in the local evidence package. The model boundary is read directly from Section 3.3.2 and is a simulation-fit applicability statement, not experimental validation or a neural-training label."
P401,internal_heat_source_low_re_classical_closure_risk,packed bed at particle Reynolds number around one,"classical convective heat-transfer correlations show average deviations up to 6 times; modified intact-bed model reports 1.8% average deviation; full correction equations not available in current accessible record",extracted,reported_model_form_risk,Modified prediction models for heat and mass transfer characteristics of packed bed at low Reynolds numbers: Incorporating thermophysical property change and particle breakage effect,https://doi.org/10.1016/j.ijheatmasstransfer.2026.128377,published_target_context_boundary,"This result makes interphase-closure form a required uncertainty axis. It is not converted into an invented correction coefficient, and the current P397 closure remains a cross-source candidate only."
P402,gunn_particle_gas_nusselt_reference,gas-solid fixed or fluidized bed,"Nu=(7-10*epsilon+5*epsilon^2)*(1+0.7*Re^0.2*Pr^(1/3))+(1.33-2.4*epsilon+1.2*epsilon^2)*Re^0.7*Pr^(1/3)",extracted,dimensionless,Transfer of heat or mass to particles in fixed and fluidized beds,https://doi.org/10.1016/0017-9310(78)90080-7,published_classical_closure,"The canonical Gunn equation is retained only as a literature-form sensitivity branch. It is not a low-Re internally heated breeder calibration and cannot unlock physical neural training."
P403,hccb_li4sio4_solid_density,Chinese HCCB TBM Li4SiO4 particle,1526.4,extracted,kg/m3,Macroscopic transport characteristics in packed bed with a multi-physics inversion strategy for solid breeding blanket of HCCB TBM,https://doi.org/10.1016/j.applthermaleng.2024.123114,published_material_property,"Table 2 reports the Li4SiO4 solid density used by the pore-scale model. It completes the steady conjugate-heat-transfer material contract but does not supply transient solid heat capacity."
P404,hccb_pore_scale_particle_mesh_shrink,Chinese HCCB TBM Li4SiO4 packed bed,1,extracted,percent_diameter_reduction,Macroscopic transport characteristics in packed bed with a multi-physics inversion strategy for solid breeding blanket of HCCB TBM,https://doi.org/10.1016/j.applthermaleng.2024.123114,published_meshing_procedure,"Section 2.1 states that every particle diameter is reduced by 1 percent before meshing to remove particle-particle and particle-wall point contacts. This is a numerical meshing operation, not a physical pebble-size or porosity parameter."
P405,hccb_pore_scale_reference_grid,Chinese HCCB TBM Li4SiO4 packed bed,"G1=4.87e6 cells;G2=6.67e6 cells;G3=8.81e6 cells;G2 mean cell size=0.099dp;G2 minimum cell size=0.045dp;G2-G3 pressure-drop difference<1%",extracted,mixed_grid_contract,Macroscopic transport characteristics in packed bed with a multi-physics inversion strategy for solid breeding blanket of HCCB TBM,https://doi.org/10.1016/j.applthermaleng.2024.123114,published_mesh_convergence_boundary,"Figure 6 gives G1/G2/G3 as 4.87/6.67/8.81 million cells. Section 2.4 selects G2 after the pressure-drop difference between G2 and G3 falls below 1 percent and reports G2 mean/minimum sizes of 0.099dp/0.045dp. These values define the reference-resolution target; a smaller smoke mesh is a numerical preflight only and cannot be reported as a reproduced pore-scale result."
P423,hccb_pore_scale_wall_adjacent_crop_boundaries,Chinese HCCB TBM Li4SiO4 packed bed,"wall-adjacent and laterally centred crop; one retained outer face=constant-temperature wall; remaining transverse faces=symmetry boundaries",extracted,dimensionless_geometry_and_boundary,Macroscopic transport characteristics in packed bed with a multi-physics inversion strategy for solid breeding blanket of HCCB TBM,https://doi.org/10.1016/j.applthermaleng.2024.123114,published_figure_geometry,"Source Figure 4 shows the 12.5dp x 12.5dp x 10dp region adjacent to one transverse outer face and surrounded by retained packing on both sides in the other transverse direction. Figure 5 labels the constant-temperature wall and symmetric boundary. The companion CET 2024 Figure 2 shows the same one-wall/remaining-symmetry construction. Local archived source figures are literature/raw/hccb_2024_transport_figures/figure4_geometry_lrg.jpg and figure5_boundary_conditions_lrg.jpg."
P406,eu_reference_lithium_orthosilicate_specific_heat,"EU reference Li4SiO4 + 10 mol% Li2SiO3 pebble","Cp=(-5.33e-7*T_C^2+0.001925*T_C+1.238)*1000",extracted,J/kg/K,Discrete element method for effective thermal conductivity of packed pebbles accounting for the Smoluchowski effect,https://doi.org/10.1016/j.fusengdes.2018.01.013,published_material_property_correlation,"Table 3 gives the temperature-dependent specific heat for the EU reference breeder. It is source-backed but composition-mismatched to the Chinese HCCB Li4SiO4 material. It may populate the mandatory steady OpenFOAM material dictionary, where heat capacity is inactive, but it cannot validate or unlock transient HCCB CHT."
P407,flowing_helium_li2tio3_effective_conductivity_correlation,Li2TiO3 pebble bed with flowing helium,"k_eff/k_He(Ta)=0.032*Re_p^0.44*(T_b/T_a)^(-0.28)",extracted,dimensionless_correlation,Experimental investigation to enhance heat transfer in lithium titanate packed bed,https://www.researchgate.net/publication/322202373_EXPERIMENTAL_INVESTIGATION_TO_ENHANCE_HEAT_TRANSFER_IN_LITHIUM_TITANATE_PACKED_BED,published_conference_experimental_correlation,"Section 6 reports the dimensionless aggregate effective-conductivity correlation from flowing-helium experiments. It is an external whole-bed thermal-response relation, not a particle-gas interphase Nusselt coefficient. The related journal article is DOI 10.1016/j.fusengdes.2016.12.035."
P408,flowing_helium_li2tio3_effective_conductivity_test_envelope,Li2TiO3 pebble bed with flowing helium,"pebble diameter=1-10 mm; wall temperature=200-600 degC; helium mass-velocity figures span approximately 0.1-0.7 kg/m2/s",extracted,mixed_operating_envelope,Experimental investigation to enhance heat transfer in lithium titanate packed bed,https://www.researchgate.net/publication/322202373_EXPERIMENTAL_INVESTIGATION_TO_ENHANCE_HEAT_TRANSFER_IN_LITHIUM_TITANATE_PACKED_BED,published_conference_experimental_envelope,"The accessible full-text index reports the tested pebble sizes and wall-temperature range; the plotted mass-velocity span is retained only as a figure envelope. These data can gate aggregate effective thermal response but cannot identify local interphase h_sf or an internally heated transient field."
P409,internal_heat_source_maximum_density_decrease,Li4SiO4 packed bed with internal heat source and low-Re purge gas,34,extracted,percent_maximum_decrease,Pore-scale simulation on flow and heat transfer characteristics in packed beds with internal heat sources at low Reynolds numbers,https://doi.org/10.1016/j.ijheatmasstransfer.2023.124325,published_pore_scale_result_boundary,"The publisher abstract reports a maximum density decrease of 34 percent from packing inlet to outlet. This is a variable-property model-form warning and validation boundary, not a prescribed density correction or solver coefficient."
P410,internal_heat_source_maximum_viscosity_increase,Li4SiO4 packed bed with internal heat source and low-Re purge gas,31,extracted,percent_maximum_increase,Pore-scale simulation on flow and heat transfer characteristics in packed beds with internal heat sources at low Reynolds numbers,https://doi.org/10.1016/j.ijheatmasstransfer.2023.124325,published_pore_scale_result_boundary,"The publisher abstract reports a maximum viscosity increase of 31 percent from packing inlet to outlet. This requires temperature-dependent fluid properties in the target solver but does not specify the property law."
P411,internal_heat_source_modified_pressure_model_average_deviation,Li4SiO4 packed bed with internal heat source and low-Re purge gas,1.5,extracted,percent_average_deviation,Pore-scale simulation on flow and heat transfer characteristics in packed beds with internal heat sources at low Reynolds numbers,https://doi.org/10.1016/j.ijheatmasstransfer.2023.124325,published_pore_scale_validation_boundary,"Section 3.2.2 reports 1.5 percent average and 4.6 percent maximum deviation between the modified pressure-drop model and the source pore-scale simulations. The complete equation is separately registered as P420-P421; this remains same-source numerical validation, not experiment."
P412,li2tio3_internal_heat_figure3_pebble_diameter,Li2TiO3 packed bed with inductively generated internal heat,5,extracted,mm,Modeling and validation of heat transfer in packed bed with internal heat generation,https://doi.org/10.1002/htj.21755,published_public_figure_caption,"The public Figure 3 caption states that the temperature and gas-flow comparison uses a bed of 5 mm Li2TiO3 pebbles. This is an external experimental-condition envelope, not a transferable local closure or current HCCB geometry parameter."
P413,li2tio3_internal_heat_figure4_temperature,Li2TiO3 packed bed with inductively generated internal heat,573.15,extracted,K,Modeling and validation of heat transfer in packed bed with internal heat generation,https://doi.org/10.1002/htj.21755,published_public_figure_caption,"The public Figure 4 caption states that pebble-size and air-flow-rate effects on effective conductivity are compared at 573.15 K. No curve points are digitized without an auditable source image and axis calibration."
P414,li2tio3_internal_heat_correlation_voidage_range,Li2TiO3 packed bed with discrete internal heat generation,"0.44 to 0.47",extracted,dimensionless_voidage,Estimation of effective thermal conductivity of packed bed with internal heat generation,https://doi.org/10.1016/j.fusengdes.2020.111458,published_abstract_validity_range,"The public abstract states that the empirical effective-conductivity correlation is valid for bed voidage 0.44-0.47. The equation and coefficients remain unavailable, so this range is a source applicability boundary only."
P415,hccb_design_reynolds_order,Chinese HCCB TBM Li4SiO4 packed bed,approximately 1,extracted,dimensionless,Macroscopic transport characteristics in packed bed with a multi-physics inversion strategy for solid breeding blanket of HCCB TBM,https://doi.org/10.1016/j.applthermaleng.2024.123114,published_target_regime,"Section 2.2 states that steady laminar flow is used because the Reynolds number for solid-breeding-blanket design is approximately one. This is a direct target-regime statement and not a fitted value."
P416,hccb_heat_validation_wakao_boundary,Chinese HCCB TBM pore-scale heat calculation,"mean Nusselt number within 15 percent of Wakao equation; stated Wakao effective Reynolds range 100 to 200",extracted,published_validation_boundary,Macroscopic transport characteristics in packed bed with a multi-physics inversion strategy for solid breeding blanket of HCCB TBM,https://doi.org/10.1016/j.applthermaleng.2024.123114,published_model_validation_boundary,"Section 2.5 reports the comparison and also states the correlation range. Because P415 places the HCCB design regime near Re=1, this comparison is retained as the authors' numerical-method check but not promoted to a same-regime low-Re interfacial-closure validation."
P417,internal_heat_low_re_modified_nusselt_correlation,Li4SiO4 packed bed with internal heat source and variable-property helium,"Nu_sf=9.405*Re_p_AVE^2.322*Pr_AVE^7.427+0.264",extracted,dimensionless_correlation,Pore-scale simulation on flow and heat transfer characteristics in packed beds with internal heat sources at low Reynolds numbers,https://doi.org/10.1016/j.ijheatmasstransfer.2023.124325,published_same_source_pore_scale_fit,"Equation 16 is transcribed from the complete publisher PDF and visually checked on page 11. Re_p_AVE and Pr_AVE are named as packed-bed average pebble Reynolds and Prandtl numbers, but the paper does not publish their spatial averaging equations. The correlation is admitted as a deterministic same-geometry model-form baseline only; it is not used as a neural-network loss or training label."
P418,internal_heat_low_re_modified_nusselt_support,Li4SiO4 packed bed with internal heat source and variable-property helium,"Re_p_AVE<1.8;87 percent within +/-30 percent;60 cases from u_in=0.05,0.10,0.15,0.20,0.25 m/s x T_in=300,500,700,900 K x phi=4.85,6.85,8.85 MW/m3",extracted,mixed_support_envelope,Pore-scale simulation on flow and heat transfer characteristics in packed beds with internal heat sources at low Reynolds numbers,https://doi.org/10.1016/j.ijheatmasstransfer.2023.124325,published_same_source_support,"Table 2 and Section 3.3.2 define the calculation matrix and reported fit envelope. The nomenclature defines u_in as the entrance cross-section velocity of the inlet channel; Figures 3 and 5 show a 10dp fully fluid inlet extension before the packed region. A local crop whose inlet is intersected by particles must therefore area-correct its pore-opening boundary velocity to preserve u_in times the complete cross-section. The 60 cases are source simulations rather than experiments; raw point values and local fields are not supplied."
P419,internal_heat_low_re_nusselt_and_htc_definitions,Li4SiO4 packed bed with internal heat source,"Nu_sf=h_sf*d_p/k_f;h_sf=V_s*phi/[A_s*(T_s_bar-T_f_bar)]",extracted,definition,Pore-scale simulation on flow and heat transfer characteristics in packed beds with internal heat sources at low Reynolds numbers,https://doi.org/10.1016/j.ijheatmasstransfer.2023.124325,published_equation_definition,"Equations 14 and 15 define the reported average interphase Nusselt number. These definitions require volume, interfacial area and phase-average temperatures from a resolved or otherwise admitted target field."
P420,internal_heat_low_re_modified_pressure_factor,Li4SiO4 packed bed with internal heat source and variable-property helium,"xi_f=(rho_star)^(-9.181)*(mu_star)^(-12.238)*(rho_f_IN/rho_ref)^(-5.320)*(mu_IN/mu_ref)^(-8.062)",extracted,dimensionless_correlation,Pore-scale simulation on flow and heat transfer characteristics in packed beds with internal heat sources at low Reynolds numbers,https://doi.org/10.1016/j.ijheatmasstransfer.2023.124325,published_same_source_pore_scale_fit,"Equation 11 defines rho_star=rho_f_OUT/rho_f_IN and mu_star=mu_OUT/mu_IN; the reference state is T=300 K and p=0.12 MPa. The correlation is admitted for deterministic same-source comparison and not as experimental validation."
P421,internal_heat_low_re_modified_pressure_drop_equation,Li4SiO4 packed bed with internal heat source and variable-property helium,"delta_p/L=180*xi_f*(1-epsilon)^2/epsilon^3*mu_IN/d_p^2*u_IN;f_p=180*xi_f*(1-epsilon)/Re_p_IN",extracted,pressure_gradient_correlation,Pore-scale simulation on flow and heat transfer characteristics in packed beds with internal heat sources at low Reynolds numbers,https://doi.org/10.1016/j.ijheatmasstransfer.2023.124325,published_same_source_pore_scale_fit,"Equations 12 and 13 apply the P420 factor to Blake-Kozeny-Macdonald. Section 3.2.2 reports 1.5 percent average and 4.6 percent maximum deviation against the same pore-scale simulation matrix."
P422,internal_heat_source_modified_pressure_model_maximum_deviation,Li4SiO4 packed bed with internal heat source and low-Re purge gas,4.6,extracted,percent_maximum_deviation,Pore-scale simulation on flow and heat transfer characteristics in packed beds with internal heat sources at low Reynolds numbers,https://doi.org/10.1016/j.ijheatmasstransfer.2023.124325,published_same_source_validation_boundary,"Section 3.2.2 reports the maximum deviation between the modified pressure-drop model and its source pore-scale simulation matrix. It is used only as the declared same-source comparison gate, not as experimental uncertainty."
P424,internal_heat_low_re_blanket_temperature_context,helium-cooled solid-breeder blanket,"300 to 1000",extracted,K,Pore-scale simulation on flow and heat transfer characteristics in packed beds with internal heat sources at low Reynolds numbers,https://doi.org/10.1016/j.ijheatmasstransfer.2023.124325,published_temperature_context,"Section 1 reports the 300-1000 K blanket temperature context when motivating variable helium properties. This range is used only to cover the numerical property table and is not an inlet-condition value beyond Table 2."
P425,internal_heat_low_re_cooling_wall_temperature,Li4SiO4 packed bed with internal heat source,635,extracted,K,Pore-scale simulation on flow and heat transfer characteristics in packed beds with internal heat sources at low Reynolds numbers,https://doi.org/10.1016/j.ijheatmasstransfer.2023.124325,published_boundary_condition,"Section 2.2 states that the constant-temperature cooling wall along the packed bed and outlet channel is set to 635 K."
P426,internal_heat_low_re_work_pressure,Li4SiO4 packed bed with internal heat source,0.12,extracted,MPa,Pore-scale simulation on flow and heat transfer characteristics in packed beds with internal heat sources at low Reynolds numbers,https://doi.org/10.1016/j.ijheatmasstransfer.2023.124325,published_boundary_condition,"Section 2.2 states that the packed-bed work pressure is 0.12 MPa."
P427,internal_heat_low_re_geometry_and_boundary_layout,Li4SiO4 packed bed with internal heat source,"bed=12.5dp x 12.5dp x 10dp;inlet_extension=10dp;outlet_extension=10dp;one_constant_temperature_wall;remaining_transverse_faces=symmetry",extracted,mixed_geometry_boundary,Pore-scale simulation on flow and heat transfer characteristics in packed beds with internal heat sources at low Reynolds numbers,https://doi.org/10.1016/j.ijheatmasstransfer.2023.124325,published_geometry_and_boundary,"Figures 3 and 5 and Sections 2.1-2.2 define the source calculation domain and boundary layout. The current fine local crop uses the same boundary types but is smaller and is therefore not described as an exact geometry reproduction."
P428,pure_li4sio4_enthalpy_increment,Stoichiometric Li4SiO4,"H_T_minus_H_298_J_mol=-17156+73.694*T_K+0.103210*T_K^2-4163115/T_K",extracted,J/mol,Enthalpy heat capacity second-order transitions and enthalpy of fusion of Li4SiO4 by high-temperature calorimetry,https://doi.org/10.1016/S0040-6031(96)02996-6,published_drop_calorimetry_correlation,"The paper reports the smoothed enthalpy relation over 298-1300 K from isothermal drop calorimetry. It supplies the transient pure-compound heat-storage relation; it is not a manufacturing-batch-specific pebble measurement."
P429,pure_li4sio4_heat_capacity_from_enthalpy_derivative,Stoichiometric Li4SiO4,"Cp_molar=73.694+0.206420*T_K+4163115/T_K^2",extracted,J/mol/K,Enthalpy heat capacity second-order transitions and enthalpy of fusion of Li4SiO4 by high-temperature calorimetry,https://doi.org/10.1016/S0040-6031(96)02996-6,published_derived_heat_capacity,"This is the analytical derivative of P428 and is valid on the same 298-1300 K smoothed-correlation interval. The reported extrapolated value at 298 K is 182.1 J mol-1 K-1."
P430,pure_li4sio4_natural_composition_molar_mass_basis,Stoichiometric Li4SiO4,"Li=6.94;O=15.999;Si=28.085;M_Li4SiO4=119.841",extracted,g/mol,Abridged Standard Atomic Weights 2024,https://www.ciaaw.org/abridged-atomic-weights.htm,official_atomic_weights_and_stoichiometric_conversion,"M=4Ar(Li)+Ar(Si)+4Ar(O). The central abridged CIAAW values are used only to convert the molar P429 correlation to J kg-1 K-1. The value represents natural-composition lithium; isotope-enriched material should use its measured or declared molar mass."
P431,pure_li4sio4_second_order_transition_temperatures,Stoichiometric Li4SiO4,Tc1=938;Tc2=996,extracted,K,Enthalpy heat capacity second-order transitions and enthalpy of fusion of Li4SiO4 by high-temperature calorimetry,https://doi.org/10.1016/S0040-6031(96)02996-6,published_calorimetry_transition_temperatures,"The paper identifies two second-order transitions. P428-P429 are smoothed relations and do not reproduce sharp heat-capacity anomalies at these temperatures; predictions approaching this interval must retain that limitation."
P432,premux_experimental_coolant_outlet_temperature_dataset,PREMUX Li4SiO4 pebble-bed test section,"10 channel-resolved means with 95 percent confidence intervals across VHI, HI, MED, LO and VLO",digitized,degC,Simulation of Volumetrically Heated Pebble Beds in Solid Breeding Blankets for Fusion Reactors: Modelling Experimental Validation and Sensitivity Studies,https://doi.org/10.5445/IR/1000070791,published_experimental_figure_digitization,"Figure 6.5 white experimental bars only. Channel 4/channel 10 means are VHI 55.898/51.436, HI 48.862/45.172, MED 42.769/39.765, LO 33.587/31.527 and VLO 28.267/27.237 degC. Error-bar limits and pixel coordinates are stored in data/apd006_premux_coolant_outlet_figure6_5. The neighbouring ANSYS bars are excluded from observations."
